Title,Author,CategoryID,Price,StockQuantity,PublishedDate,ISBN
Alice's Adventures in Wonderland,Lewis Carroll,1,17.57,30,2022-02-09,OL31754751M
Frankenstein or The Modern Prometheus,Mary Shelley,1,72.51,65,2017-10-29,OL35649409M
The Wonderful Wizard of Oz,L. Frank Baum,1,66.96,32,2023-11-19,OL8155451M
The Time Machine,H. G. Wells,1,92.61,6,2024-12-10,OL27553880M
The Lost World,Arthur Conan Doyle,1,12.4,42,2013-08-05,OL22885694M
Dracula,Bram Stoker,1,8.65,15,2021-11-18,OL35373336M
Brave New World,Aldous Huxley,1,93.03,83,2018-03-15,OL6504102M
The Iron Heel,Jack London,1,84.1,49,2015-04-21,OL6994295M
Flatland,Edwin Abbott Abbott,1,34.78,53,2024-11-13,OL23189553M
Nineteen Eighty-Four,George Orwell,1,46.22,42,2012-05-27,OL21733390M
The War of the Worlds,H. G. Wells,1,85.47,65,2018-11-29,OL9236546M
The Invisible Man,H. G. Wells,1,24.61,51,2016-03-05,OL24269941M
The Princess and Curdie,George MacDonald,1,96.5,83,2020-11-19,OL7066792M
Vingt mille lieues sous les mers,"Jules Verne, Serge Micheli, Francois Riviere",1,38.69,32,2015-01-19,OL24245739M
The Strange Case of Dr. Jekyll and Mr. Hyde,Robert Louis Stevenson,1,42.67,78,2020-07-10,OL3682767M
The Poison Belt,Arthur Conan Doyle,1,83.73,11,2022-03-19,OL14034942M
The Island of Dr. Moreau,"H. G. Wells, Fiona Beddall, Dobbs, Fabrizio Fiorentino, David Domínguez, Jonathan Kent, Margaret Atwood, Judit Lligonya Tenasen, Manuel Rivas Cabezuelo, Amaia Gurbindo, Judit Lligonya Tenas, Marta Seoane Rebollo",1,89.61,68,2016-12-07,ISBN-5055353
Fahrenheit 451,Ray Bradbury,1,78.76,1,2012-12-13,OL40236195M
The Secret Agent,Joseph Conrad,1,5.79,12,2018-04-23,OL2640257M
At The Earth's Core And Out Of Time's Abyss,Edgar Rice Burroughs,1,55.14,3,2020-11-17,OL24197469M
The warlord of Mars #3,"Edgar Rice Burroughs, Jim Killavey, Paula Paula",1,50.13,29,2014-08-02,OL9769357M
Мы,"Евгений Иванович Замятин, Gary Kern, Alejandro Ariel González, Tavo Montañez, Sergio Hernández-Ranera Sánchez, Zilboorg Gregory, Alexander Glinka",1,10.4,40,2022-08-04,OL19620329M
"Thuvia, Maid of Mars","Edgar Rice Burroughs, Craig Trahan, Eric King, J. Allen St. John",1,9.54,18,2024-01-17,OL7524615M
A Princess of Mars,Edgar Rice Burroughs,1,71.9,17,2022-08-10,OL9506915M
The Napoleon of Notting Hill,Gilbert Keith Chesterton,1,27.68,77,2016-07-17,OL23365952M
Voyage au Centre de la Terre,Jules Verne,1,27.68,28,2018-12-04,OL7027686M
The food of the gods and how it came to earth,H. G. Wells,1,92.3,45,2023-05-15,OL3429021M
The wood beyond the world,"William Morris, William Norris, William, Morris, William Morris, William William Morris, WILLIAM MORRIS, Random House",1,41.57,26,2013-09-15,OL7034248M
When the Sleeper Awakes,H. G. Wells,1,90.09,83,2018-11-20,OL6781929M
De la terre à la lune,Jules Verne,1,77.59,75,2019-01-24,OL13523352M
R.U.R. and The insect play,"Karel Čapek, Josef Čapek",1,40.14,53,2020-11-06,OL3567864M
The Handmaid's Tale,Margaret Atwood,1,45.93,61,2013-06-17,OL2769393M
The Martian Chronicles,Ray Bradbury,1,97.52,99,2014-01-31,OL6247305M
In the days of the comet,H. G. Wells,1,33.82,99,2013-08-03,OL14014470M
A Clockwork Orange,Anthony Burgess,1,21.11,18,2020-01-13,ISBN-8572789
The Hunger Games,Suzanne Collins,1,24.23,23,2020-06-29,OL37079404M
On The Beach,"Nevil Shute, Gideon Haigh, G. C. Thornley, SparkNotes Staff, SparkNotes",1,67.12,71,2015-08-02,OL9019866M
The Hitch Hiker's Guide to the Galaxy,Douglas Adams,1,55.66,96,2025-04-13,OL17837787M
It Can't Happen Here,Sinclair Lewis,1,14.57,75,2019-12-15,OL14412847M
2001,Arthur C. Clarke,1,46.42,89,2014-03-02,OL24857274M
Dune,Frank Herbert,1,50.08,8,2014-04-17,OL32848840M
The First Men in the Moon,H. G. Wells,1,82.6,52,2013-11-26,OL14876093M
A strange manuscript found in a copper cylinder,James De Mille,1,20.65,86,2021-03-10,OL7135135M
Charlie and the Great Glass Elevator,Roald Dahl,1,37.25,30,2021-01-14,OL5283875M
The Giver,Lois Lowry,1,96.31,19,2016-11-26,OL26673438M
Ender's Game,Orson Scott Card,1,57.21,39,2015-05-28,OL39824211M
A Wrinkle in Time,Madeleine L'Engle,1,87.77,60,2020-10-16,OL27082436M
A Modern Utopia,H. G. Wells,1,54.18,100,2023-09-08,OL13563752M
Catching Fire,Suzanne Collins,1,69.13,68,2013-03-10,OL37079405M
Foundation,Isaac Asimov,1,72.38,32,2020-09-21,OL51565403M
"I, Robot",Isaac Asimov,1,49.5,64,2011-08-22,OL16521070M
The Gunslinger,Stephen King,1,75.1,76,2019-04-20,OL24944189M
Deception Point,Dan Brown,1,39.11,36,2022-03-06,OL50365295M
Jurassic Park,Michael Crichton,1,40.54,54,2017-02-03,OL38582593M
Slaughterhouse-Five,Kurt Vonnegut,1,88.35,15,2017-12-16,OL13788314M
The Restaurant at the End of the Universe,Douglas Adams,1,90.93,72,2012-01-30,OL37807528M
Do Androids Dream of Electric Sheep?,Philip K. Dick,1,71.93,83,2011-11-15,OL9387971M
The Blind Assassin,Margaret Atwood,1,35.09,43,2019-06-17,OL18632021M
Mockingjay,Suzanne Collins,1,82.66,50,2013-04-22,OL26332553M
The Dead Zone,Stephen King,1,49.71,53,2020-10-06,OL50998939M
The Left Hand of Darkness,Ursula K. Le Guin,1,66.21,98,2022-03-16,OL31935740M
La casa verde,Mario Vargas Llosa,1,40.75,48,2022-01-05,OL9179837M
A Game of Thrones,George R. R. Martin,1,34.93,96,2019-03-11,OL7829767M
The Man in the High Castle,"Philip K. Dick, Michelle Charrier",1,78.71,80,2021-10-20,OL1566828M
L'Île mystérieuse,Jules Verne,1,78.46,71,2024-01-10,OL9868901M
The Stand,Stephen King,1,11.57,64,2021-05-15,OL25159731M
A Wizard of Earthsea,Ursula K. Le Guin,1,37.31,26,2018-06-05,OL9137999M
Stranger in a Strange Land,Robert A. Heinlein,1,5.06,93,2013-03-23,OL48575573M
Foundation and Empire,Isaac Asimov,1,54.31,78,2017-06-28,OL14419754M
The Amber Spyglass,Philip Pullman,1,72.62,85,2014-03-28,OL23244828M
Second Foundation,Isaac Asimov,1,76.53,91,2013-04-15,OL18118902M
The man who ended war,Hollis Godfrey,1,84.32,6,2015-09-03,OL7000768M
Flowers for Algernon,Daniel Keyes,1,40.14,77,2011-09-03,OL39823060M
Star Maker,Olaf Stapledon,1,61.48,84,2021-05-23,OL9002735M
Tales of space and time,H. G. Wells,1,55.78,19,2012-03-04,OL5284584M
Firestarter,Stephen King,1,26.72,32,2024-12-16,OL4100374M
The Illustrated Man,Ray Bradbury,1,53.81,21,2015-07-26,OL714188M
The Lost World,Michael Crichton,1,20.31,77,2013-11-11,OL31981279M
The Chessmen of Mars,Edgar Rice Burroughs,1,60.76,86,2012-02-28,OL9807730M
Válka s mloky,Karel Čapek,1,96.46,3,2016-03-09,OL22633301M
"So long, and thanks for all the fish",Douglas Adams,1,24.5,45,2016-09-02,OL22351808M
The Blazing World,Margaret Cavendish,1,53.79,38,2018-07-10,OL43677517M
Last and First Men,Olaf Stapledon,1,77.07,60,2017-06-14,OL9002734M
American Gods,Neil Gaiman,1,88.5,51,2012-12-29,OL3945760M
The Scarlet Plague,Jack London,1,99.55,1,2025-01-30,OL6576183M
Childhood’s End,Arthur C. Clarke,1,56.09,100,2012-03-14,OL6800378M
The Martian,Andy Weir,1,98.94,63,2012-11-02,OL32815550M
The Adventures of Captain Underpants,Dav Pilkey,1,53.55,48,2013-10-30,OL998767M
The Dispossessed,Ursula K. Le Guin,1,71.0,74,2017-11-10,OL25125336M
On Writing,Stephen King,1,44.86,90,2015-12-10,ISBN-6856092
A Canticle for Leibowitz,Walter M. Miller Jr.,1,94.83,55,2019-05-30,OL28296640M
The Eye of the World (The Wheel of Time Book 1),Robert Jordan,1,42.02,98,2023-03-28,OL8890304M
Cat's Cradle,"Kurt Vonnegut, Nickolay Popov",1,82.31,32,2013-08-17,OL5880166M
Ubik,Philip K. Dick,1,45.94,73,2014-09-02,OL9828462M
"Looking Backward, 2000-1887",Edward Bellamy,1,10.12,89,2018-10-06,OL6967789M
Dune Messiah,Frank Herbert,1,50.91,4,2017-03-20,OL10256217M
Dragonflight,Anne McCaffrey,1,33.45,31,2020-08-08,OL28367450M
Triplanetary,"E. D. Smith, Edward Elmer Smith, Frederick E. Smith, E. E. Smith, Edward E. Smith, “Doc” E.E. Smith, E. E. &quot;Doc&quot; Smith, E. E. Smith, E.E. ""Doc Smith, Edward Elmer  Smith, Edward ""Doc"" Smith, Edward Doc"" Smith",1,51.03,5,2015-11-04,OL7501434M
Sphere,"Michael Crichton, Jacques Polanis",1,42.11,27,2022-09-23,OL2741255M
Solaris,Stanisław Lem,1,87.86,81,2019-12-21,OL35607043M
Pride and Prejudice,Jane Austen,2,78.25,51,2019-07-08,OL47044678M
Alice's Adventures in Wonderland,Lewis Carroll,2,68.76,72,2024-01-15,ISBN-7970961
Wuthering Heights,Emily Brontë,2,16.82,14,2012-07-20,OL38586477M
A Christmas Carol,Charles Dickens,2,88.71,6,2024-06-29,ISBN-4632117
Adventures of Huckleberry Finn,Mark Twain,2,99.17,94,2014-07-27,OL7062714M
The Picture of Dorian Gray,"Oscar Wilde, Oscar Wilde, Oscar Wilde",2,39.94,16,2017-08-03,ISBN-3590195
Emma,Jane Austen,2,22.58,60,2016-02-21,OL13573615M
Oliver Twist,Charles Dickens,2,12.98,92,2022-06-09,ISBN-9721284
Frankenstein or The Modern Prometheus,Mary Shelley,2,56.4,99,2023-11-23,ISBN-8464187
A Tale of Two Cities,"Charles Dickens, Aedi Abraham, Juan Ramon Torregrosa, Francisco Manuel GRANADO CASTRO, Hablot K. BROWNE, Fred BARNARD, Alejo García Moreno, Salustiano Masó Simón, Juan Ramon Torregrosa Torregrosa, Victor G Ambrus, Laura Santamaria, Laura Santamaria, J. J. Bernier, maxi sanchez, jaime arbe, Marion Leighton, Miguel Muñoz, Julius Julius Seybt, Julius Seybt",2,5.31,38,2024-05-03,ISBN-4692996
The Wonderful Wizard of Oz,L. Frank Baum,2,95.71,96,2023-04-25,ISBN-3227839
Sense and Sensibility,Jane Austen,2,94.59,94,2023-10-13,OL14041582M
Treasure Island,Robert Louis Stevenson,2,29.96,66,2013-11-22,OL40812029M
Little Women,Louisa May Alcott,2,21.91,73,2022-05-22,OL27300715M
Gulliver's Travels,Jonathan Swift,2,82.34,96,2024-12-19,OL26445784M
Don Quixote,"Miguel de Cervantes Saavedra, Michael J. Marshall, John Ormsby, Anonymous",2,5.92,47,2023-06-25,ISBN-6983073
Madame Bovary,Gustave Flaubert,2,50.65,48,2018-06-18,OL40236082M
Great Expectations,"Charles Dickens, Charles Dickens",2,51.65,35,2019-03-18,OL45791004M
A Study in Scarlet,"Arthur Conan Doyle, Arthur Doyle, Roger Squires, David Widger",2,21.53,63,2017-04-18,OL47068254M
The Art of War,孙武,2,89.57,32,2017-12-27,OL8784104M
The Prince,Niccolò Machiavelli,2,72.51,98,2014-02-18,OL37826838M
The Call of the Wild,Jack London,2,48.85,10,2021-06-16,OL35698302M
Through the Looking-Glass,"Lewis Carroll, Lewis Carroll, Lewis Lewis Carroll",2,33.84,32,2022-02-23,OL21298716M
Wind in the Willows,"Kenneth Grahame, Michael Hague, John Burningham, David Roberts, Oxford Editor, Guo man, Yang Ma, Ernest H. Shepard, Charles Van Sandwyk, Katie Dicker",2,33.07,90,2017-06-07,OL40046991M
Divina Commedia,Dante Alighieri,2,37.83,1,2012-06-30,OL14081259M
Hamlet,William Shakespeare,2,54.79,61,2018-02-15,OL26587990M
The Hound of the Baskervilles,Arthur Conan Doyle,2,65.56,59,2015-10-17,ISBN-7285491
Anne of Green Gables,Lucy Maud Montgomery,2,65.71,89,2014-09-13,ISBN-3535630
Persuasion,Jane Austen,2,77.71,2,2014-07-29,ISBN-2161980
The Great Gatsby,F. Scott Fitzgerald,2,78.76,6,2012-12-09,OL22570129M
The Time Machine,H. G. Wells,2,78.82,18,2013-02-20,ISBN-3303877
The Adventures of Sherlock Holmes [12 stories],Arthur Conan Doyle,2,61.15,30,2024-08-31,OL24349267M
Moby Dick,Herman Melville,2,18.55,9,2015-10-01,OL31857229M
Mansfield Park,"Jane Austen, Jane Austen",2,43.01,20,2023-09-04,ISBN-4592423
Les Trois Mousquetaires,"Alexandre Dumas, Auguste Maquet",2,78.45,12,2021-11-08,OL33218710M
Ἰλιάς,Όμηρος,2,56.68,84,2017-10-27,OL24809573M
Candide,"Voltaire, William Fleming, Philip Littell, Jack Davenport",2,14.51,97,2012-11-16,OL22244325M
Ὀδύσσεια,Όμηρος,2,53.36,72,2014-03-30,OL27593427M
Hard Times,"Charles Dickens, García de García de Luna, Elisa Esgasa, Emilia Pardo Bazán",2,41.72,76,2024-11-22,OL24364955M
The Legend of Sleepy Hollow,Washington Irving,2,16.79,51,2016-12-13,OL7053656M
The Mysterious Affair at Styles,"Agatha Christie, Aric Cushing, Bookstar",2,98.97,62,2022-07-17,OL46918364M
Northanger Abbey,Jane Austen,2,29.36,57,2011-11-12,OL36684152M
Ethan Frome,Edith Wharton,2,84.19,34,2011-09-08,OL7215847M
Captains Courageous,Rudyard Kipling,2,25.02,36,2023-09-06,OL13447930M
The Railway Children,Edith Nesbit,2,56.47,29,2014-12-02,OL46536526M
King Lear,"William Shakespeare, Joan Sellent",2,31.62,16,2015-12-09,OL25918818M
Romeo and Juliet,William Shakespeare,2,88.24,21,2022-05-30,OL26501367M
The Sign of Four,Arthur Conan Doyle,2,15.24,47,2017-04-13,OL13492734M
Macbeth,William Shakespeare,2,10.75,68,2014-02-28,OL3306363M
Die Verwandlung,Franz Kafka,2,79.11,83,2015-11-12,OL26965562M
Five Children and It,Edith Nesbit,2,56.99,63,2016-09-08,OL9232844M
A Midsummer Night's Dream,William Shakespeare,2,59.31,61,2018-10-19,OL24594641M
Kim,Rudyard Kipling,2,48.02,60,2017-09-03,OL9160809M
The Secret Garden,"Frances Hodgson Burnett, Miller, Steve, Luisa Uribe, Annabel Stones, Mel Howells",2,86.86,35,2022-11-01,OL37044748M
Anna Karenina,Лев Толстой,2,68.1,57,2021-01-22,OL10601812M
The Adventures of Tom Sawyer,Mark Twain,2,29.78,69,2014-06-18,OL34596309M
The Last of the Mohicans,James Fenimore Cooper,2,28.46,98,2012-04-22,OL7165874M
David Copperfield,"Charles Dickens, Francesc Ràfolsen, Mary Sebag-Montefiore, Ginger Roberts Brackett, Manuel Rodríguez Navas y Carrasco., Jose KING",2,92.79,80,2017-07-14,OL9170447M
The Old Curiosity Shop,"Charles Dickens, Bernardo Moreno Carrillo",2,51.86,83,2012-06-25,OL13713582M
The Scarlet Letter,"Nathaniel Hawthorne, Austin Warren",2,42.69,85,2015-02-25,OL34878267M
Anne of Avonlea,Lucy Maud Montgomery,2,89.9,86,2021-08-12,OL33059944M
Tempest,William Shakespeare,2,48.57,21,2013-08-13,OL16982543M
πολιτεία,Πλάτων,2,81.16,54,2016-09-01,OL40296849M
A Connecticut Yankee in King Arthur's Court,Mark Twain,2,96.32,6,2019-01-15,OL6338772M
Jane Eyre,Charlotte Brontë,2,18.88,38,2012-12-03,OL6969829M
Anne's House of Dreams,Lucy Maud Montgomery,2,81.21,96,2013-01-20,OL23267044M
Anne of the Island,Lucy Maud Montgomery,2,70.85,60,2023-10-08,OL40272709M
The Cricket on the Hearth,Charles Dickens,2,97.58,58,2012-04-06,OL23291715M
The Merchant of Venice,William Shakespeare,2,87.58,20,2020-02-02,OL25398118M
The Valley of Fear,Arthur Conan Doyle,2,81.21,7,2018-06-30,OL20548211M
The Prince and the Pauper,Mark Twain,2,47.04,43,2019-12-14,OL7025266M
Tess of the d'Urbervilles,Thomas Hardy,2,19.66,49,2015-12-15,OL44579342M
The Lost World,Arthur Conan Doyle,2,12.85,49,2016-05-16,ISBN-5915744
The Secret Adversary,Agatha Christie,2,37.15,84,2017-04-29,OL51162345M
Le Comte de Monte Cristo,Alexandre Dumas,2,35.01,12,2018-07-23,OL46867087M
Dracula,Bram Stoker,2,77.55,2,2015-05-14,ISBN-8044077
Three Men in a Boat (to say nothing of the dog),Jerome Klapka Jerome,2,61.67,1,2021-10-18,OL23348263M
The Marvelous Land of Oz,L. Frank Baum,2,47.33,38,2017-12-30,OL7244470M
The Canterbury Tales,"Geoffrey Chaucer, John E. Cunningham, Peter Ackroyd, Ted Stearn, V. A. Kolve, Glending Olson",2,54.45,82,2012-10-28,OL7146598M
The Thirty-Nine Steps,John Buchan,2,49.39,89,2019-10-06,OL9300406M
Leaves of Grass,Walt Whitman,2,46.42,45,2012-09-13,ISBN-8917348
The Book of Dragons,Edith Nesbit,2,51.56,56,2019-02-23,OL3947225M
Othello,William Shakespeare,2,22.44,65,2018-08-09,OL25389972M
Decamerone,Giovanni Boccaccio,2,17.6,48,2022-12-08,ISBN-3779908
King Richard II,William Shakespeare,2,45.06,71,2019-01-19,ISBN-9611063
Julius Caesar,William Shakespeare,2,56.53,62,2016-11-07,OL26229526M
The House of Mirth,Edith Wharton,2,62.42,46,2015-01-27,OL27941732M
Dubliners,James Joyce,2,19.45,15,2024-01-26,OL14005342M
The Pilgrim's Progress,John Bunyan,2,31.45,60,2023-10-06,ISBN-1760267
Autobiography,"Benjamin Franklin, Horatio Hastings Weld, Charles W. Eliot, James Zimmerhoff, Charles Eliot",2,76.9,1,2012-04-22,OL7134689M
Brave New World,Aldous Huxley,2,21.33,70,2018-07-04,ISBN-9946852
Rainbow Valley,Lucy Maud Montgomery,2,47.29,49,2019-11-29,ISBN-8791016
Uncle Tom's Cabin,Harriet Beecher Stowe,2,82.28,49,2018-09-08,OL26244385M
As a man thinketh,James Allen,2,96.65,17,2012-05-31,OL6614479M
The Jewel of Seven Stars,Bram Stoker,2,78.97,14,2014-11-19,OL11684364M
The Story of the Treasure Seekers,Edith Nesbit,2,22.02,64,2012-10-05,OL43818814M
War and Peace,Лев Толстой,2,48.03,17,2023-01-19,ISBN-7258706
The Red Badge of Courage,Stephen Crane,2,45.2,72,2020-10-05,OL7180620M
Twelfth Night,William Shakespeare,2,6.23,95,2017-09-26,OL20508584M
The Moonstone,"Wilkie Collins, Pieter Koster, Sandra Kemp, Andronum",2,5.98,43,2022-08-01,OL11424127M
The Art of War,孙武,3,80.82,21,2022-01-29,ISBN-3848267
As a man thinketh,James Allen,3,75.54,78,2019-09-05,ISBN-7440709
Roughing It,Mark Twain,3,48.32,88,2016-04-22,OL6970936M
Think and Grow Rich,Napoleon Hill,3,97.63,22,2019-09-07,OL49833602M
Acres of diamonds,"Russell Herman Conwell, Robert Shackleton - undifferentiated, John Wanamaker, Peter Williams - undifferentiated, Robert Collier, John Wanamaker",3,43.99,59,2018-11-07,OL6581822M
The Theory of the Leisure Class,Thorstein Veblen,3,77.4,75,2012-10-08,OL5944703M
My life and work,"Ford, Henry, Henry Ford, Samuel Crowther, Henry, Ford, Ford Henry 1863-1947, Mrs Henry Ford, E. Kalita, Ford, Henry, Crowther, Samuel, Henry Henry Ford, Samuel Crowther",3,67.64,38,2024-12-03,OL5411618M
"The art of money getting, or, Golden rules for money getting",P. T. Barnum,3,87.74,47,2016-05-10,OL8408265M
The Wealth of Nations,Adam Smith,3,86.49,9,2023-12-07,OL38580611M
[Relief of C. J. Baronett.],United States. Congress. Senate. Committee on Territories,3,15.12,7,2019-02-12,ISBN-1803779
The Law of Success,Napoleon Hill,3,80.26,75,2023-01-30,OL9533516M
Collins Robert French English Dictionary,"Beryl T. Atkins, HarperCollins, Alain Duval, Robert Collins - undifferentiated, Collectif, Robert Staff, Frances Ilingworth, Collins-Robert, Collins Robert Staff, Staff of Dictionnaires Robert, Rosemary Milne, Pierre-Henri Cousin, Helene M. A. Lewis, Lorna A. Sinclair, Renee O. Birks, Marie-Noelle Lamy, B. T. S. Atkins, Paul Robert, Collins, Collins Publishers, Rosemary C. Milne, Michela Clari, Martyn Back, Jean-FranÃ§ois Allain, Collectif Lorna Knight, T, -",3,28.68,72,2023-11-19,OL9245933M
Reminiscences of a stock operator,"Edwin Lefèvre, Price Tim, Roger Lowenstein, Richard Richard Wyckoff, Richard D. Wyckoff, Richard D. Wyckoff",3,82.26,9,2022-05-27,OL1087786M
Accounting Principles,Jerry J. Weygandt,3,36.48,90,2023-05-01,OL802447M
Ali Pacha,Alexandre Dumas,3,6.89,20,2023-10-12,OL28652762M
Sixteenth census of the United States,United States. Bureau of the Census,3,70.75,24,2016-05-19,OL6444436M
The mis-education of the Negro,Carter Godwin Woodson,3,27.08,52,2012-07-02,OL1162329M
[To promote education of the blind.],United States. Congress. Senate. Committee on Education and Labor.,3,46.55,37,2024-08-26,ISBN-1996471
Freakonomics,"Steven D. Levitt, Stephen J. Dubner, Andrea Montero Cusset",3,91.49,12,2016-03-20,OL7280507M
The theory of business enterprise 1904,Thorstein Veblen,3,91.22,73,2018-01-12,OL5944702M
Eat That Frog! 21 Great Ways to Stop Procrastinating and Get More Done in Less Time,Brian Tracy,3,48.88,72,2013-03-30,OL8791597M
The 48 Laws of Power,Robert Greene,3,95.18,42,2016-09-03,OL24274306M
Interactive Computing Series,Kenneth C. Laudon,3,72.98,52,2024-01-24,OL9250341M
Mastering today's software,"Edward G. Martin, Charles S. Parker, Charles E. Kee",3,99.83,9,2025-02-14,OL64974M
The Moneychangers,Arthur Hailey,3,25.73,24,2024-09-06,OL5051292M
Autobiography,Andrew Carnegie,3,28.78,2,2017-01-08,OL7183054M
Steve Jobs,Walter Isaacson,3,22.75,64,2017-09-14,OL35672473M
Effective Executive,"Peter F. Drucker, Joseph A. Maciariello, Jim Collins, Tim Andres Pabon, Zachary First",3,9.62,62,2021-06-14,OL9238881M
I-Series,Stephen Haag,3,24.92,74,2020-11-24,OL9258489M
Atomic Habits,James Clear,3,98.92,42,2011-10-05,OL36647151M
Hold the dream,Barbara Taylor Bradford,3,13.63,57,2016-12-02,OL21336610M
The leadership challenge,"James M. Kouzes, Barry Z. Posner, Elaine Biech, Barry Posner",3,94.97,72,2022-05-19,OL1279515M
[Preservation of forests.],United States. Congress. Senate. Committee on Agriculture and Forestry,3,36.57,20,2022-01-22,ISBN-3698284
The Practice of Management,Peter F. Drucker,3,7.43,94,2014-01-20,OL24269265M
Reframing Organizations,Lee G. Bolman,3,61.38,40,2011-12-31,OL3673522M
Confessions of an economic hit man,"Perkins, John, John Perkins, John Perkins, Perkins, John, 0",3,78.94,24,2012-05-08,OL8106596M
Innovation and Entrepreneurship,Peter F. Drucker,3,63.19,10,2014-11-25,OL7284228M
Absentee ownership and busines enterprise in recent times,Thorstein Veblen,3,24.58,92,2021-03-03,OL966414M
Tax Planning and Compliance for Tax-Exempt Organizations,Jody Blazek,3,22.55,59,2018-03-10,OL3320951M
Managing for Results,Peter F. Drucker,3,68.14,93,2014-12-05,OL9238110M
Research in Personnel and Human Resources Management,"M. Ronald Buckley, Jonathon R. B. Halbesleben, Anthony R. Wheeler",3,24.27,53,2020-08-15,OL34573149M
The Constant Gardener,John le Carré,3,93.18,26,2014-05-04,OL23245284M
Leadership and Self Deception,"The Arbinger Institute, Dick Ruhe",3,53.37,57,2021-09-15,OL8748509M
Census of business,United States. Bureau of the Census,3,41.81,98,2013-02-12,OL15157382M
AAT Success (Financial Training AAT Study Packs),Financial Training Company,3,15.89,36,2021-06-28,OL11951846M
How to Get Rich,"Donald Trump, Meredith McIver",3,63.35,4,2017-06-09,OL9537401M
Your Office,"Amy S. Kinser, Eric Kinser, Jennifer Paige Nightingale",3,19.26,93,2016-10-03,OL27381183M
The Strangest Secret,"Earl Nightingale, Nightingale",3,44.51,6,2020-03-29,OL9149584M
Business @ the speed of thought,"Bill Gates, Collins Hemingway",3,62.48,17,2014-08-27,OL23243370M
The Black Swan,"Nassim Nicholas Taleb, Nassim Nicholas Taleb, David Chandler, Nassim N. Taleb",3,30.78,22,2020-05-17,OL17969527M
Your Office,Amy Kinser,3,61.33,3,2019-05-22,OL28774186M
Ten acres enough,"Morris, Edmund, Edmund Morris, Morris Edmund Morris, Ralph C Miller, Robert Plamondon, Roberts, Isaac Phillips, Lynn R. Miller, Rebecca Perkins, Edmund Morris, Isaac Phillips Roberts",3,21.26,96,2019-01-18,OL7232644M
Contemporary Logistics in China,"Bing-lian Liu, Shao-ju Lee, Jian-hua Xiao, Ling Wang, Zhi-lun Jiao",3,82.46,41,2018-12-21,OL28000820M
Contemporary business,"Louis E. Boone, David L. Kurtz",3,64.95,30,2022-06-19,OL2839667M
Patterns,IBM Redbooks,3,42.08,81,2022-02-11,OL10606830M
Project management,Harold Kerzner,3,93.25,67,2015-12-03,OL1563815M
Superfreakonomics,"Steven D. Levitt, Stephen J. Dubner",3,37.11,92,2013-07-27,OL24087474M
Blink,Malcolm Gladwell,3,67.73,14,2017-06-30,ISBN-6407166
Stock Investing for Dummies,Paul Mladjenovic,3,43.17,54,2013-04-11,ISBN-6022684
Industry and trade,Alfred Marshall,3,88.14,58,2013-11-15,OL5313763M
Critical thinking,"Richard W. Paul, Linda Elder",3,14.3,98,2017-12-08,OL3401512M
Customer Relationship Management,Francis Buttle,3,63.12,34,2014-04-18,OL7972363M
Ebay for dummies,"Marsha Collier, Roland Woerner",3,8.1,8,2019-12-12,OL24740798M
Business,"O. C. Ferrell, Geoffrey Hirt, Geoffrey A. Hirt, Linda Ferrell",3,28.3,59,2015-04-05,OL3560504M
Thriving on chaos,"Thomas J. Peters, Tom Peters, T Y PETERS, Tom Peters, T Peters",3,25.35,23,2021-02-04,OL20871606M
The Long Tail,Chris Anderson,3,86.69,4,2019-03-31,OL8953137M
Management Challenges for the 21st Century,Peter F. Drucker,3,22.16,44,2023-09-03,OL8198060M
Managing in Turbulent Times,Peter F. Drucker,3,87.51,59,2015-05-18,OL8197932M
"Rich Dad, Poor Dad for Teens","Robert T. Kiyosaki, Sharon L. Lechter",3,30.63,49,2018-12-15,OL9617526M
Rich dad's guide to investing,"Robert T. Kiyosaki, Sharon L. Lechter",3,30.11,57,2012-07-08,OL23039901M
Creative problem solving for managers,Tony Proctor,3,57.87,73,2025-01-16,OL377610M
Learning to use Windows applications,Gary B. Shelly,3,88.36,40,2020-06-08,OL1087356M
Fundraising for social change,Kim Klein,3,59.58,14,2015-10-13,OL1128300M
Loss Models,Stuart A. Klugman,3,78.0,99,2021-09-21,OL27071800M
International business,"Debra Johnson, Debra Johnson",3,5.67,13,2013-12-12,OL3461273M
Your Story Sells,"Infante-Reyes, Jenny, Jr., Les Brown",3,23.4,65,2013-04-30,ISBN-5314890
Business essentials,Ronald J. Ebert,3,52.29,92,2017-09-27,OL28237309M
Information systems literacy,Hossein Bidgoli,3,53.44,69,2016-09-22,OL1433774M
IBM PC Apprentice,"Inc. Wordware Pub., Leonard Paul Kubiak",3,15.57,91,2018-07-12,OL10088912M
Peter Norton's Introduction to Computers,Peter Norton,3,97.56,46,2013-06-25,OL9222616M
This Changes Everything,Naomi Klein,3,91.67,25,2019-11-20,OL25631628M
The empire of business,Andrew Carnegie,3,38.82,81,2023-06-02,OL9900345M
The Tipping Point,Malcolm Gladwell,3,93.91,54,2015-12-11,OL9591816M
Fundraising management,Adrian Sargeant,3,22.04,56,2018-06-02,OL3678480M
Keynes,"Robert Jacob Alexander Skidelsky, Robert Skidelsky, Robert Skidelsky",3,82.83,80,2022-10-05,OL1274736M
Advances in management accounting,"Marc J. Epstein, John Y. Lee",3,53.08,12,2018-06-20,OL27047586M
Business Information Systems,Witold Abramowicz,3,65.6,83,2023-02-17,OL27022642M
Wall Street stories,Edwin Lefèvre,3,83.62,17,2023-08-05,OL7110030M
Getting to yes,"Roger Drummer Fisher, Bruce Patton, William Ury",3,26.94,37,2014-06-09,OL1552521M
Fooled by randomness,"Nassim Nicholas Taleb, Nassim Nicholas Taleb",3,61.91,55,2023-05-27,OL3597262M
Answer as a man,Taylor Caldwell,3,13.02,92,2023-05-02,OL2850493M
Immigrants in industries (in twenty-five parts),United States. Congress. Senate. Committee on Immigration,3,74.66,19,2021-05-15,ISBN-1860806
Ultimate Success Secret,"Parthiv Shah, Dan S. Kennedy",3,91.31,31,2012-03-13,ISBN-6408108
Bad Blood,John Carreyrou,3,43.13,7,2012-01-16,ISBN-9161987
The New Realities,Peter F. Drucker,3,17.26,25,2016-01-17,OL7971728M
Advances in industrial and labor relations,"David Lewin, Bruce E. Kaufman",3,76.61,63,2018-01-31,OL8032163M
Financial Valuation,James R. Hitchner,3,67.34,76,2024-06-26,OL9432035M
Outliers,Malcolm Gladwell,3,29.66,94,2022-06-28,OL26449491M
The 33 Strategies of War,"Robert Greene, Don Leslie",3,75.26,88,2018-11-04,OL9891207M
Peak Performance,Erik Seversen,3,74.37,11,2014-03-23,OL40148333M
1st Report [Session 1993-94],Rand McNally,4,5.52,26,2016-11-03,OL9991311M
4th Report [Session 1993-94],Rand McNally,4,9.7,8,2013-06-15,OL9990101M
Leonardo,"Leonardo da Vinci, Kunster, Erfinder, Wissenschaftler, Michael Desmond, Carlo Pedretti",4,7.43,80,2016-04-23,OL8633521M
5th Report [Session 1995-96],Rand McNally,4,10.21,93,2016-07-12,OL9994553M
Timeline,Michael Crichton,4,71.01,68,2014-06-01,OL35716431M
Prey,Michael Crichton,4,96.11,9,2017-07-03,OL32352096M
State of Fear,Michael Crichton,4,6.44,14,2021-02-02,OL3423755M
One-Dimensional Man,Herbert Marcuse,4,60.97,58,2022-09-19,OL21661190M
Understanding Media,"Marshall McLuhan, Marshal McLuhan",4,67.2,96,2024-12-26,OL24222743M
Sitzungsberichte der Philosophisch-historischen Classe,"Kaiserlichen Akademie der Wissenschaften in Wien, Mathematisch-Naturwissenschaftliche Klasse",4,90.91,94,2016-08-28,OL20466981M
Zhongguo zao qi ke ji qi kan hui bian,Yasha Jiang,4,56.24,93,2020-05-25,ISBN-5213973
Upgrading and repairing PCs,"Scott Mueller, Mark Edward Soper",4,83.57,61,2024-12-31,OL3313410M
Conjectures and refutations,"Karl Popper, Michelle Irene, de Launay Marc B., Melitta Mew",4,14.54,6,2021-03-08,OL3568077M
21st Century Nanoscience - a Handbook,Klaus D. Sattler,4,47.12,35,2024-03-01,OL28057245M
The Human Condition,Hannah Arendt,4,82.87,23,2023-10-15,ISBN-5516148
Transactions on Engineering Technologies,"Sio-Iong Ao, Haeng Kon Kim, Oscar Castillo, Alan Hoi-shou Chan, Hideki Katagiri",4,41.9,34,2022-03-12,OL27946824M
The Circle,Dave Eggers,4,12.4,16,2023-01-23,OL25433174M
Red Storm Rising,"Tom Clancy, T CLANCY",4,81.82,38,2023-10-01,OL17238686M
ההיסטוריה של המחר,Yuval Noah Harari,4,17.13,9,2020-05-19,ISBN-7119305
Machinerys Handbook,"Erik Oberg, E. Oberg, F.D. Jones, Christopher McCauley, Franklin Day Jones, Holbrook L. Horton, Henry H. Ryffel, Ricardo Heald, Robert Green",4,69.32,77,2013-11-28,OL8185786M
Anticipations of the reaction of mechanical and scientific progress upon human life and thought,H. G. Wells,4,85.77,83,2018-11-13,OL10566664M
Report by H.M. Inspectors,Great Britain. Welsh Office. Education Department. Inspectorate.,4,28.82,19,2019-01-08,ISBN-1340251
Das Finanzkapital,Rudolf Hilferding,4,78.89,24,2020-08-02,OL13231500M
Knight's American mechanical dictionary,Edward Henry Knight,4,10.35,60,2022-09-13,OL6939535M
Bridge engineering handbook,"Wai-Kai Chen, Lian Duan",4,29.98,3,2019-04-15,OL22029087M
Feed,M. T. Anderson,4,41.35,93,2017-11-16,ISBN-8059783
Contemporary Logistics in China,"Bing-lian Liu, Shao-ju Lee, Jian-hua Xiao, Ling Wang, Zhi-lun Jiao",4,60.33,18,2020-04-17,ISBN-2711865
ESD,Steven H. Voldman,4,22.76,57,2014-07-14,OL3431363M
The Human Use of Human Beings,Norbert Wiener,4,26.19,89,2025-03-12,OL2405963M
Die Revolution der Hoffnung,Erich Fromm,4,42.22,30,2012-12-15,OL14887583M
Science in history,J. D. Bernal,4,72.52,3,2018-09-20,OL5723597M
507 Mechanical Movements,Henry T. Brown,4,75.87,5,2019-01-14,OL7639762M
Digital Electronics,William Kleitz,4,14.62,45,2017-11-12,OL3291257M
Sensory evaluation techniques,"Morten Meilgaard, Morten C. Meilgaard, Gail Vance Civille, B. Thomas Carr",4,32.41,38,2020-05-12,OL8258592M
Ssu-chʻuan sheng chih,Sichuan Sheng di fang zhi bian zuan wei yuan hui,4,41.35,30,2017-04-29,OL13053337M
The Boy Who Harnessed the Wind,"William Kamkwamba, Bryan Mealer, Korey Jackson",4,41.2,90,2019-04-27,OL24322653M
A dictionary of scientific terms,I. F. Henderson,4,25.61,88,2014-10-24,OL7069024M
Industrial Society and Its Future,Theodore Kaczynski,4,50.31,14,2013-03-29,ISBN-3641204
Science in a Technical World,American Chemical Society,4,9.67,18,2011-10-03,OL7835206M
"Treaties, etc",Soviet Union.,4,38.87,72,2022-11-11,ISBN-2255875
The Long Tail,Chris Anderson,4,15.89,59,2019-04-20,ISBN-2729237
Der Mensch und die Technik,Oswald Spengler,4,15.07,78,2016-11-23,OL4879781M
Science and Human Values,Jacob Bronowski,4,13.56,43,2016-04-05,OL7587847M
Science and civilisation in China,Joseph Needham,4,20.74,93,2012-10-31,OL7716137M
Dance music manual,Rick Snoman,4,57.13,57,2019-10-27,OL27759745M
Quaternary of South America and Antarctic Peninsula,"Jorge Rabassa, Monica Salemme",4,74.66,8,2020-04-01,OL9781807M
Modern control systems,"Richard C. Dorf, Richard C Dorf, Robert H. Bishop",4,97.18,14,2016-10-17,OL3290098M
Introduction to health and safety at work,"Hughes, Phil, MSc, FIOSH, RSP., Phil Hughes, Ed Ferrett",4,77.4,67,2014-04-06,OL3566733M
Space shuttle,United States. General Accounting Office,4,57.75,97,2012-07-11,ISBN-8127879
Profiles of the future,Arthur C. Clarke,4,88.61,87,2015-09-28,OL7879041M
Vapor-liquid equilibrium data collection,"Jürgen Gmehling, Jurgen Gmehling, U. Onken, W. Arlt, Reiner Eckermann",4,55.6,13,2019-03-10,OL22297036M
Pavement engineering,"Rajib Basu Mallick, Rajib B. Mallick, Tahar El-Korchi",4,32.66,70,2021-07-16,OL33607786M
"Electrical wiring, industrial","Smith, Robert L., Robert L. Smith, Stephen L. Herman, Robert Barr Smith, Robert D. Smith",4,47.19,6,2013-12-11,OL782952M
Advanced electrical installation work,Trevor Linsley,4,17.71,49,2019-11-08,OL27014573M
Ready Player Two,Ernest Cline,4,5.26,1,2020-09-24,OL28320685M
Science and Technology in Society,John S. Holman,4,39.87,36,2018-05-25,OL11046756M
Numerical methods for engineers,"Steven C. Chapra, Raymond P. Canale",4,81.31,93,2016-11-22,OL3945853M
Marvels of Modern Science,Paul Severing,4,88.93,21,2022-07-10,OL8482986M
Incredible Cross Sections,Richard Platt,4,28.11,53,2015-08-14,OL1548008M
Bad Blood,John Carreyrou,4,73.91,19,2023-04-27,ISBN-3949612
Anti-Œdipe,"Gilles Deleuze, Félix Guattari",4,27.86,21,2016-11-07,OL3172509M
Teaching and learning with technology,"Judy Lever-Duffy, Jean B. McDonald, Al P. Mizell",4,17.49,82,2017-04-03,OL9575497M
"Technology, management & society",Peter F. Drucker,4,84.69,60,2013-11-07,OL9238687M
The science of food,"P. M. Gaman, K B Sherrington",4,47.5,87,2020-02-08,OL969372M
PIC16F1847 Microcontroller-Based Programmable Logic Controller,Murat Uzam,4,98.05,37,2023-12-20,ISBN-3000876
Strategic Information Management,"Robert D. Galliers, Dorothy E. Leidner, Boyka Simeonova",4,55.43,72,2018-06-02,ISBN-1243931
Learning to Teach Design and Technology in the Secondary School,Gwyneth Owen-Jackson,4,18.43,78,2023-05-31,ISBN-3355229
Today's Technician,Mark Schnubel,4,70.35,29,2015-05-30,OL8368680M
The Snow Queen,Joan D. Vinge,4,28.47,4,2013-08-02,OL6788571M
The science and engineering of materials,"Donald R. Askeland, Paul Porgess, Ian Brown, Pradeep P. Phulé ",4,41.69,52,2013-05-31,OL7785540M
Selections,Jawaharlal Nehru,4,8.41,23,2013-08-02,OL10136224M
Barry's introduction to construction of buildings,"Stephen Emmitt, Christopher A. Gorse",4,5.66,75,2020-09-26,OL8405112M
ASM handbook,"ASM International. Handbook Committee, Kelly Ferjutz, Joseph R. Davis, Steven L. Donaldson, Daniel B. Miracle",4,47.33,55,2017-09-13,OL1848781M
Compendium of food additive specifications,"Joint FAO/WHO Expert Committee on Food Additives., Fao, World Health Organization (WHO), Food and Agriculture Organization of the",4,71.14,91,2016-09-02,OL22556252M
The fatal impact,Alan Moorehead,4,25.93,90,2017-05-03,OL7359861M
The way things work,David Macaulay,4,33.23,52,2020-05-24,OL2035184M
A choice of gods,Clifford D. Simak,4,21.2,8,2018-11-05,ISBN-4021741
Elementary surveying,"Paul R. Wolf, Brinker, Russell C., Paul Richard Wolf, Charles D. Ghilani",4,34.24,29,2013-02-13,OL2054804M
O naznachenīī cheloveka,Nikolaĭ Berdi͡aev,4,84.29,34,2025-02-10,OL13525629M
Innovation in Music,"Russ Hepworth-Sawyer, Jay Hodgson, Justin Paterson, Rob Toulson",4,82.17,88,2013-06-26,OL28354183M
Reliability engineering and risk analysis,"M. Modarres, Mohammad Modarres, Mark Kaminskiy, Vasiliy Krivtsov",4,78.44,100,2014-10-23,OL8125130M
Water and wastewater technology,Mark J. Hammer,4,66.29,14,2022-06-01,OL5183924M
Statistical methods in agriculture and experimental biology,"R. Mead, Roger Mead, R. N. Curnow, A. M. Hasted, Robert N. Curnow, Anne M. Hasted, Robert M Curnow",4,18.32,23,2021-11-16,OL3494759M
Nunquam,Lawrence Durrell,4,26.21,90,2013-01-27,OL9336407M
The Rise and Fall of D.O.D.O.,"Neal Stephenson, Nicole Galland",4,87.25,46,2013-05-27,ISBN-7248639
"Electrical Inspection, Testing and Certification",Michael Drury,4,85.28,77,2020-12-06,OL28808569M
H2LiftShips,"Bob Freeman, Robin Vuchnich",4,54.59,5,2015-06-15,ISBN-5887752
Handbook of Nuclear Medicine and Molecular Imaging for Physicists,Michael Ljungberg,4,26.13,10,2020-12-10,OL33943144M
Principles of Spinning,Ashok R. Khare,4,94.71,73,2014-09-13,OL33825073M
Russian-English technical and chemical dictionary,Ludmilla Ignatiev Callaham,4,21.87,97,2017-07-07,OL5186735M
The instinct of workmanship,Thorstein Veblen,4,52.34,48,2013-09-18,OL19344723M
Instinct of Workmanship and the State of Industrial Arts,Thorstein Veblen,4,55.56,76,2023-10-08,OL9610136M
Electric circuits,"James William Nilsson, James W. Nilsson, Susan A. Riedel",4,62.07,58,2020-06-12,OL3303761M
Ethical and social issues in the information age,Joseph Migga Kizza,4,26.51,15,2025-03-24,OL676725M
Operating manual for spaceship earth,R. Buckminster Fuller,4,22.21,26,2020-04-10,OL8229235M
How computers work,"Ron White, Timothy Edward Downs",4,49.97,78,2015-07-21,OL397094M
A dictionary of acronyms & abbreviations,Eric Pugh,4,61.8,61,2024-08-20,OL21999804M
Asimov's biographical encyclopedia of science and technology,Isaac Asimov,4,94.05,42,2018-01-23,OL9329153M
Handbook of Spectroscopy,J. W. Robinson,4,40.71,34,2011-08-30,ISBN-9025985
Electronics,Charles A. Schuler,4,10.28,8,2023-02-04,OL9222611M
The Prince,Niccolò Machiavelli,5,91.61,67,2020-04-22,ISBN-9045341
Persuasion,Jane Austen,5,84.72,30,2013-10-15,ISBN-8474126
Hard Times,"Charles Dickens, García de García de Luna, Elisa Esgasa, Emilia Pardo Bazán",5,15.21,26,2012-05-29,ISBN-9855141
As a man thinketh,James Allen,5,40.98,50,2013-11-03,ISBN-6211373
Ulysses,James Joyce,5,8.84,64,2019-07-26,OL22136640M
La Poetica,Aristotle,5,72.26,96,2016-10-02,ISBN-1108800
The Awakening,Kate Chopin,5,77.77,2,2014-05-04,OL528856M
Saint Francis of Assisi,Gilbert Keith Chesterton,5,55.88,66,2018-04-21,OL7992294M
Tender is the Night,F. Scott Fitzgerald,5,92.92,6,2020-03-26,OL18337526M
Братья Карамазовы,Фёдор Михайлович Достоевский,5,76.41,28,2025-03-01,OL24646215M
Basil,"Wilkie Collins, Miguel Martínez-Lage",5,32.39,70,2024-03-03,OL27889661M
History,Herodotus,5,31.65,37,2020-07-28,OL6927336M
The Old Man and the Sea,Ernest Hemingway,5,50.97,100,2021-07-31,OL7893352M
Works (Awakening / Beyond the Bayou / Desiree's Baby / Kiss / Locket / Ma'ame Pelagie / Pair of Silk Stockings / Reflection / Respectable Woman),Kate Chopin,5,28.85,30,2012-12-08,OL27257992M
Kokuritsu Kokkai Toshokan shozō Meijiki kankō tosho maikuro-ban shūsei,Kokuritsu Kokkai Toshokan (Japan),5,25.96,3,2016-09-20,ISBN-5350592
Mayor of Casterbridge,Thomas Hardy,5,32.87,6,2019-06-08,OL7820276M
Paul Klee,Paul Klee,5,85.02,7,2012-06-22,OL3372283M
The Bell Jar,Sylvia Plath,5,88.8,57,2013-03-17,OL21389163M
Le rire; essai sur la signification du comique,"Henri Bergson, Cloudesley Brereton, Fred Rothwell, Cloudesley Shovell Henry 1863 Brereton, Fred [From Old Catalog] Joint Rothwell, David Soler García, Rafael Blanco, Éditions CdBF, Cloudesley Brereton and Fred Rothwell, George Meredith",5,42.83,39,2022-09-12,OL12445307M
Catch-22,Joseph Heller,5,72.05,83,2021-04-26,OL24202886M
Sozialgeschichte der Kunst und Literatur,"Arnold Hauser, S. Godman, Harris, Jonathan, Jonathan Harris",5,48.34,63,2020-04-07,OL4825088M
The Kybalion,Three Initiates,5,71.19,48,2019-11-29,OL27336956M
La princesse de Clèves,Madame de La Fayette,5,47.56,12,2023-09-06,OL6555201M
The Razor's Edge,William Somerset Maugham,5,90.27,45,2018-01-21,OL1316845M
The Power of Your Subconscious Mind,Joseph Murphy,5,84.91,71,2022-05-03,OL22857884M
Complete Works of W. R. Bion,"W. R. Bion, Chris Mawson",5,53.31,58,2021-08-22,OL33399467M
Tuesdays with Morrie,Mitch Albom,5,11.91,55,2015-07-31,OL36671550M
Anthem,"Ayn Rand, Erin Bateman",5,41.82,49,2023-12-16,OL8663940M
The Curious Incident of the Dog in the Night-Time,Mark Haddon,5,62.32,20,2016-04-17,OL3563061M
The Art of Loving,Erich Fromm,5,73.04,50,2018-09-02,OL8167702M
... Trotzdem Ja zum Leben sagen,Viktor E. Frankl,5,91.78,43,2023-03-01,OL9032925M
El túnel,Ernesto Sabato,5,96.09,51,2022-10-07,ISBN-7765664
The game of life and how to play it,Florence Scovel-Shinn,5,28.85,37,2024-11-13,OL2711897M
Self-knowledge,John Mason,5,18.16,65,2015-12-15,OL23414350M
The Law of Success,Napoleon Hill,5,12.23,71,2023-09-03,ISBN-5903589
Escape from Freedom,Erich Fromm,5,28.77,82,2019-10-07,OL9666964M
Sapiens,"Yuval Noah Harari, Daniel Casanave, David Vandermeulen, Pierre-Emmanuel Dauzat, Joandomènec Ros i Aragonès, Andoni Sagarna, Xabier Kintana, David Casanave",5,18.38,40,2021-04-27,OL26234146M
The Book of Dreams and Ghosts (Large Print),Andrew Lang,5,92.93,9,2017-08-17,OL8502050M
Zen and the Art of Motorcycle Maintenance,Robert M. Pirsig,5,62.61,24,2018-03-09,OL26618874M
"Men are From Mars, Women are From Venus","John Gray, John Gray, John [Ph.D] Gray",5,97.87,62,2011-09-07,OL9217247M
Arnulf Rainer,"Arnulf Rainer, Gabriele Wimmer, John Sailer",5,44.43,24,2013-01-09,OL20493119M
The Fault in Our Stars,John Green,5,51.26,44,2019-09-12,OL25916870M
The 7 Habits of Highly Effective People,"Stephen R. Covey, Sean Covey",5,27.28,69,2012-07-11,OL28136651M
Die Traumdeutung,Sigmund Freud,5,38.8,98,2020-09-15,OL7431323M
The Horse Whisperer,Nicholas Evans,5,37.19,38,2016-07-14,OL51678190M
Poor Miss Finch,Wilkie Collins,5,40.56,6,2014-09-08,OL7228685M
The mis-education of the Negro,Carter Godwin Woodson,5,56.42,48,2022-01-31,ISBN-7602691
The prelude,William Wordsworth,5,38.29,18,2024-05-17,OL6153914M
Collected papers,Sigmund Freud,5,22.73,24,2018-11-08,OL6494463M
The Edible Woman,Margaret Atwood,5,55.3,52,2019-05-04,OL39223300M
Sphere,"Michael Crichton, Jacques Polanis",5,35.87,9,2018-11-04,ISBN-8901551
Their Eyes Were Watching God,Zora Neale Hurston,5,86.37,24,2022-02-19,OL37937727M
Coming of age in Samoa,Margaret Mead,5,79.85,18,2018-01-18,OL6792449M
"Bartleby, the Scrivener",Herman Melville,5,30.83,63,2022-10-26,OL31446258M
Freakonomics,"Steven D. Levitt, Stephen J. Dubner, Andrea Montero Cusset",5,11.14,79,2023-07-08,ISBN-3654828
Authority and the Individual,Bertrand Russell,5,98.5,70,2012-12-08,OL9227848M
Der Vorleser,Bernhard Schlink,5,80.62,33,2012-02-18,OL552537M
Giovanni's Room,James Baldwin,5,7.26,34,2020-01-03,OL9304349M
Supplement,Pearson,5,50.12,97,2012-05-09,OL7934598M
Essays on the intellectual powers of man,"James Walker, William Hamilton, William Hamilton - undifferentiated, Thomas Reid - undifferentiated, Thomas Reid, James Walker",5,18.73,33,2021-01-19,OL7097018M
The Fountainhead,Ayn Rand,5,38.69,34,2012-06-21,ISBN-2587947
国立 国会 図書館 所蔵 明治期 刋行 図書 マイクロ版 集成,Kokuritsu Kokkai Toshokan (Japan),5,29.62,57,2020-04-01,ISBN-2997629
The anatomy of melancholy,Robert Burton,5,60.42,60,2022-01-21,OL24449139M
Matisse,Henri Matisse,5,30.79,73,2020-11-14,OL458387M
The Silence of the Lambs,Thomas Harris,5,41.34,82,2021-06-18,OL2041524M
Games People Play,Eric Berne,5,64.78,84,2015-07-20,OL5911996M
Analysis of the phenomena of the human mind,"James Mill, John Stuart Mill, Alexander Bain, Andrew Findlater, George Grote",5,64.73,48,2023-05-28,OL7251476M
Zur psychopathologie des alltagslebens (The psychopathology of everyday life),Sigmund Freud,5,23.92,45,2014-12-10,OL24112586M
An Ideal Husband,Oscar Wilde,5,96.36,63,2022-03-31,OL7171941M
The 48 Laws of Power,Robert Greene,5,5.01,34,2019-11-28,ISBN-1423396
Wonder,R. J. Palacio,5,48.91,97,2015-05-13,OL25025136M
Man for Himself,Erich Fromm,5,95.64,32,2013-03-10,OL16012514M
A View from the Bridge,Arthur Miller,5,26.85,12,2020-10-06,OL6218785M
Lisey's Story,Stephen King,5,45.31,60,2014-01-20,ISBN-3877715
The Lonely Crowd,"David Riesman, Reuel Denney, Nathan Glazer",5,28.84,1,2013-01-10,OL6070997M
"Pierre, or the Ambiguities",Herman Melville,5,15.68,75,2021-09-02,OL26321312M
Piazza Tales,Herman Melville,5,41.73,80,2019-04-09,OL26553384M
Totem und Tabu,Sigmund Freud,5,29.9,94,2016-03-09,OL4969217M
"Peau Noire, Masques Blancs","Frantz Fanon, Richard Philcox, Anthony Appiah",5,73.24,44,2013-02-24,ISBN-3825885
The Corrections,Jonathan Franzen,5,24.19,36,2019-10-25,OL10751586M
My Sister's Keeper,Jodi Picoult,5,68.22,27,2013-08-23,OL23277417M
Fortunate mistress,Daniel Defoe,5,39.39,2,2022-11-16,OL7592801M
Selections,Aristotle,5,92.86,42,2014-07-14,ISBN-2579028
Elements of the philosophy of the human mind,Dugald Stewart,5,97.82,92,2018-02-15,OL4575041M
Lady Oracle,Margaret Atwood,5,9.16,70,2017-05-10,OL24228982M
"Rabbit, Run",John Updike,5,14.22,78,2021-10-28,OL16076259M
Looking out/looking in,"Ronald B. Adler, Ronald Adler, MARY O WIEMAN, Ronald Adler, Ron Adler, RONALD ADLER, Ronald B. Adler, Ronald B. Adler, Russell F. Proctor II, Proctor, Russell F., II, Neil Towne",5,68.14,39,2022-09-05,OL4106095M
Sophie's Choice,William Styron,5,20.44,99,2012-09-18,OL21501315M
Dream Psychology,Sigmund Freud,5,75.95,21,2023-06-16,OL40912500M
Inquiries into human faculty and its development,Sir Francis Galton,5,97.12,39,2020-03-30,OL6525741M
"Inquiries concerning the intellectual powers, and the investigation of truth","John Abercrombie, Jacob Abbott",5,34.47,68,2021-03-06,OL8061047M
High Fidelity,Nick Hornby,5,39.91,14,2020-07-05,OL8737925M
De anima,Aristotle,5,42.35,4,2021-03-03,OL24336822M
Publication Manual of the American Psycological Association,"American Psychological Association., American Psychological Association, AMERICAN PSYCHOLOGICAL ASSOCIATION, 6th Edition Publication Manual of the American Psychological Association, APA (2010)",5,81.45,60,2022-06-19,OL8320725M
White oleander,"Fitch, Janet",5,31.87,83,2023-11-01,OL18386329M
Inspecting post-16,Ofsted.,5,32.62,20,2019-01-21,ISBN-2701080
Au nom du coeur,Danielle Steel,5,97.88,21,2021-10-11,OL12708571M
The Long Road Home,Danielle Steel,5,48.8,9,2020-02-16,OL31911442M
Psychology,Wayne Weiten,5,51.28,30,2021-11-09,OL680250M
Women who run with the wolves,"Clarissa Pinkola Estés, Clarissa Pinkola Estes, Clarissa Pinkola Estés, ANTONIA MENINI PAGES, María Antonia Menini Pagès, Maria Antonia Menini",5,65.12,47,2013-01-30,OL1568616M
Pride and Prejudice,Jane Austen,6,24.33,19,2024-11-27,ISBN-4314630
Alice's Adventures in Wonderland,Lewis Carroll,6,67.05,23,2022-11-01,ISBN-1513165
Bible,Bible,6,96.31,81,2012-02-16,ISBN-2872584
A Christmas Carol,Charles Dickens,6,26.27,30,2014-10-04,ISBN-6491720
Adventures of Huckleberry Finn,Mark Twain,6,31.91,24,2021-08-14,ISBN-5150383
The Picture of Dorian Gray,"Oscar Wilde, Oscar Wilde, Oscar Wilde",6,10.76,31,2013-08-10,ISBN-7899802
Oliver Twist,Charles Dickens,6,5.39,13,2012-11-08,ISBN-5672819
Frankenstein or The Modern Prometheus,Mary Shelley,6,72.31,15,2013-09-04,ISBN-5098576
A Tale of Two Cities,"Charles Dickens, Aedi Abraham, Juan Ramon Torregrosa, Francisco Manuel GRANADO CASTRO, Hablot K. BROWNE, Fred BARNARD, Alejo García Moreno, Salustiano Masó Simón, Juan Ramon Torregrosa Torregrosa, Victor G Ambrus, Laura Santamaria, Laura Santamaria, J. J. Bernier, maxi sanchez, jaime arbe, Marion Leighton, Miguel Muñoz, Julius Julius Seybt, Julius Seybt",6,75.97,50,2012-05-06,ISBN-8954074
The Wonderful Wizard of Oz,L. Frank Baum,6,54.06,25,2012-01-18,ISBN-8977998
Sense and Sensibility,Jane Austen,6,29.25,79,2020-01-14,ISBN-2681185
Treasure Island,Robert Louis Stevenson,6,41.27,28,2017-04-18,ISBN-2805694
Little Women,Louisa May Alcott,6,90.68,20,2012-08-21,ISBN-7327795
Don Quixote,"Miguel de Cervantes Saavedra, Michael J. Marshall, John Ormsby, Anonymous",6,16.58,17,2017-01-18,ISBN-8945064
Madame Bovary,Gustave Flaubert,6,54.23,84,2023-08-13,ISBN-6346693
Great Expectations,"Charles Dickens, Charles Dickens",6,69.59,100,2022-01-31,ISBN-8293913
The Art of War,孙武,6,34.93,8,2023-07-31,ISBN-9597741
The Prince,Niccolò Machiavelli,6,63.21,30,2021-04-14,ISBN-5540307
The Call of the Wild,Jack London,6,74.22,30,2020-09-26,ISBN-7462133
Divina Commedia,Dante Alighieri,6,55.27,84,2025-01-24,ISBN-9290716
The Hound of the Baskervilles,Arthur Conan Doyle,6,66.74,27,2013-08-12,ISBN-3732060
Anne of Green Gables,Lucy Maud Montgomery,6,46.23,5,2020-12-06,ISBN-5880953
The Adventures of Sherlock Holmes [12 stories],Arthur Conan Doyle,6,63.92,8,2016-07-28,ISBN-6408711
Les Trois Mousquetaires,"Alexandre Dumas, Auguste Maquet",6,87.53,98,2023-06-22,ISBN-7713042
Candide,"Voltaire, William Fleming, Philip Littell, Jack Davenport",6,86.62,25,2023-09-09,ISBN-7696284
Narrative of the life of Frederick Douglass,Frederick Douglass,6,71.05,60,2020-12-17,OL6564860M
Twelve years a slave,Solomon Northup,6,16.23,75,2015-11-24,OL22322986M
The Legend of Sleepy Hollow,Washington Irving,6,59.15,62,2022-04-29,ISBN-7235284
The Railway Children,Edith Nesbit,6,37.22,26,2024-11-15,ISBN-2933652
Romeo and Juliet,William Shakespeare,6,26.19,91,2025-04-01,ISBN-1321700
Macbeth,William Shakespeare,6,36.16,98,2022-07-02,ISBN-7846376
Five Children and It,Edith Nesbit,6,53.64,80,2021-08-21,ISBN-5733126
Kim,Rudyard Kipling,6,22.68,23,2021-01-09,ISBN-6503603
The Secret Garden,"Frances Hodgson Burnett, Miller, Steve, Luisa Uribe, Annabel Stones, Mel Howells",6,73.23,69,2012-06-28,ISBN-3060617
Anna Karenina,Лев Толстой,6,73.75,55,2024-11-21,ISBN-1692057
The Adventures of Tom Sawyer,Mark Twain,6,40.38,97,2019-01-10,ISBN-8161977
The Last of the Mohicans,James Fenimore Cooper,6,80.79,14,2012-09-09,ISBN-6859457
David Copperfield,"Charles Dickens, Francesc Ràfolsen, Mary Sebag-Montefiore, Ginger Roberts Brackett, Manuel Rodríguez Navas y Carrasco., Jose KING",6,43.16,61,2022-01-22,ISBN-9250440
The Old Curiosity Shop,"Charles Dickens, Bernardo Moreno Carrillo",6,83.0,100,2024-06-10,ISBN-6102337
The Scarlet Letter,"Nathaniel Hawthorne, Austin Warren",6,41.26,36,2024-12-01,ISBN-9640065
Anne of Avonlea,Lucy Maud Montgomery,6,53.2,33,2021-09-02,ISBN-7310071
πολιτεία,Πλάτων,6,31.01,10,2024-02-25,ISBN-5451321
A Connecticut Yankee in King Arthur's Court,Mark Twain,6,13.44,22,2020-12-22,ISBN-9814198
Jane Eyre,Charlotte Brontë,6,62.6,87,2020-06-26,ISBN-1453632
Anne's House of Dreams,Lucy Maud Montgomery,6,81.49,85,2024-09-22,ISBN-5229001
Anne of the Island,Lucy Maud Montgomery,6,92.61,77,2012-12-06,ISBN-4082735
The Merchant of Venice,William Shakespeare,6,85.77,46,2014-04-10,ISBN-1467974
The Prince and the Pauper,Mark Twain,6,6.36,71,2023-02-22,ISBN-3718719
Le Comte de Monte Cristo,Alexandre Dumas,6,53.03,81,2021-06-11,ISBN-9923781
Three Men in a Boat (to say nothing of the dog),Jerome Klapka Jerome,6,89.37,62,2015-07-21,ISBN-7000064
Leaves of Grass,Walt Whitman,6,46.87,83,2013-09-12,ISBN-8754378
Decamerone,Giovanni Boccaccio,6,58.7,13,2025-01-07,ISBN-8930999
King Richard II,William Shakespeare,6,5.16,19,2017-02-04,ISBN-7286659
Julius Caesar,William Shakespeare,6,18.18,38,2025-04-03,ISBN-5220005
Autobiography,"Benjamin Franklin, Horatio Hastings Weld, Charles W. Eliot, James Zimmerhoff, Charles Eliot",6,22.89,20,2011-11-29,ISBN-1335124
Uncle Tom's Cabin,Harriet Beecher Stowe,6,36.36,4,2018-02-03,ISBN-7965789
The Jewel of Seven Stars,Bram Stoker,6,25.22,1,2017-03-09,ISBN-1678891
The Story of the Treasure Seekers,Edith Nesbit,6,31.92,12,2021-10-22,ISBN-2595093
War and Peace,Лев Толстой,6,11.03,87,2016-08-19,ISBN-6338880
The Red Badge of Courage,Stephen Crane,6,51.76,74,2011-09-25,ISBN-7808038
The Moonstone,"Wilkie Collins, Pieter Koster, Sandra Kemp, Andronum",6,96.72,13,2019-06-30,ISBN-2900104
The Scarlet Letter,Nathaniel Hawthorne,6,94.26,87,2022-12-31,OL7173915M
The Scarlet Pimpernel,"Emmuska Orczy, Baroness Orczy",6,87.19,10,2022-07-01,OL3318204M
Ulysses,James Joyce,6,71.83,23,2022-06-06,ISBN-6783492
Moll Flanders,Daniel Defoe,6,16.26,35,2017-05-04,OL40292812M
Ab urbe condita,Titus Livius,6,80.06,98,2023-05-26,OL24400268M
Pollyanna,"Eleanor Hodgman Porter, Porter, Neil Reed, Lee Giles",6,91.87,49,2024-08-02,OL8978515M
Robinson Crusoe,Daniel Defoe,6,33.1,40,2015-06-01,ISBN-3597883
Book of common prayer,"Church of England, J. A. Maurault",6,43.3,60,2020-01-06,OL7170026M
Alice's Adventures in Wonderland / Through the Looking Glass,Lewis Carroll,6,5.92,83,2013-03-05,OL25129289M
The Jungle Book,Rudyard Kipling,6,98.0,37,2020-01-19,OL12951812M
De rerum natura,Titus Lucretius Carus,6,96.01,40,2022-01-14,OL7870148M
The Riddle of the Sands,Erskine Childers,6,96.79,89,2019-05-01,OL9481369M
Patrologiae cursus completus,"J.-P Migne, Theodor Hopfner, Adalbert-G. Hamman, Ambrose, Bernard",6,13.04,71,2024-12-20,OL20542999M
King Henry V,William Shakespeare,6,34.97,65,2013-02-21,OL25918538M
Les Misérables,Victor Hugo,6,47.21,3,2017-09-17,OL24225109M
My bondage and my freedom,Frederick Douglass,6,51.53,52,2020-06-03,OL44923181M
The deerslayer,James Fenimore Cooper,6,33.41,5,2015-12-29,OL24397205M
The Enchanted Castle,Edith Nesbit,6,61.58,46,2016-03-21,OL1564581M
The Beautiful and Damned,F. Scott Fitzgerald,6,40.76,54,2013-07-27,OL7195375M
A history of New York,Washington Irving,6,34.71,89,2023-04-23,OL8877956M
As You Like It,William Shakespeare,6,40.23,9,2022-10-07,OL25667349M
The Alhambra,Washington Irving,6,51.72,76,2016-04-16,OL13992397M
Manifest der Kommunistischen Partei,"Karl Marx, Friedrich Engels",6,58.73,60,2021-07-14,ISBN-8136824
Aeneis,Publius Vergilius Maro,6,67.16,33,2023-01-21,OL25090795M
Little men,Louisa May Alcott,6,10.63,51,2020-03-26,OL26358706M
Confessions,Augustine of Hippo,6,5.6,30,2019-10-04,ISBN-1741929
Silas Marner,George Eliot,6,69.81,1,2023-07-06,OL27793687M
Inferno,Dante Alighieri,6,58.51,47,2025-01-09,OL24225696M
La père Goriot,Honoré de Balzac,6,12.63,47,2015-02-26,OL24145957M
The Phoenix and the Carpet,Edith Nesbit,6,42.49,65,2016-04-25,OL8978521M
A la recherche du temps perdu,Marcel Proust,6,94.99,60,2019-02-28,ISBN-5091329
The History of Tom Jones,Henry Fielding,6,72.62,85,2015-12-22,OL40213240M
King Henry IV. Part 1,William Shakespeare,6,8.61,46,2012-10-24,ISBN-6036585
The Pathfinder,James Fenimore Cooper,6,57.47,16,2012-07-26,OL2054881M
Jude the Obscure,Thomas Hardy,6,23.27,45,2014-12-30,OL40216055M
The Woman in White,Wilkie Collins,6,19.95,95,2024-06-03,OL7881235M
De la démocratie en Amérique,"Alexis de Tocqueville, Gustave de Beaumont, Eduardo Nolla, Henry Reeve, John Canfield Spencer, J. P. Mayer",6,38.2,91,2013-07-26,OL9243061M
Nicomachean Ethics,"Aristotle, J. A. Smith, Joe Sachs, Robert C. Bartlett, Susan D. Collins, L H. G. ed Greenwood, Hye-Kyung Kim",6,38.41,39,2011-10-19,OL7668954M
Antony and Cleopatra,William Shakespeare,6,6.92,25,2020-01-15,OL24657698M
The Power of Focused Thinking,"Edward de Bono, Feng yang",7,88.26,43,2014-09-21,OL2560191M
The Secret,Rhonda Byrne,7,51.98,85,2013-02-06,OL8788357M
God and the evolving universe,"James Redfield, Michael Murphy, Sylvia Timbers",7,41.02,43,2019-12-22,OL26642218M
Girlosophy,Anthea Paul,7,22.64,2,2018-09-04,OL24752502M
How to pass exams,Fred Orr,7,9.48,29,2014-03-08,OL8907763M
Yesterday I Cried,Iyanla Vanzant,7,34.72,4,2013-09-19,OL7722756M
The Twelfth Insight,James Redfield,7,32.3,60,2012-10-26,OL24599172M
Feeding the Hungry Heart,Geneen Roth,7,27.11,39,2017-06-22,OL1404860M
Como Crear Mapas Mentales,Tony Buzan,7,94.9,25,2023-11-01,OL9142788M
Rewriting the Rules,Meg-John Barker,7,81.7,36,2011-09-02,OL27841502M
The personal efficiency program,Kerry Gleeson,7,80.85,2,2015-01-26,OL6779271M
Coolmind,David Keefe,7,53.15,61,2023-07-30,ISBN-1163417
Intuition,Cate Howell,7,76.85,5,2019-09-26,ISBN-1224842
The Perricone Promise,Nicholas Perricone,7,30.49,25,2021-08-04,OL8137014M
The language of letting go,Melody Beattie,7,71.27,76,2016-12-27,OL2229724M
The Pursuit of Happiness,Douglas Kennedy,7,73.49,100,2014-02-06,OL9272167M
The Road to Wealth,Suze Orman,7,51.8,70,2019-12-02,OL3706903M
You can heal your life,Louise L. Hay,7,9.99,46,2018-10-20,OL2134604M
Growing Yourself Up,"Jenny Brown, MSW",7,74.2,50,2019-11-01,OL37845452M
Real Magic,Wayne W. Dyer,7,65.14,45,2011-11-05,OL9242596M
RealAge,Michael F. Roizen,7,21.25,24,2016-08-12,OL380554M
Novel Cure,"Susan Elderkin, Ella Berthoud",7,20.24,36,2025-01-25,OL28251275M
Mindfulness for Life,"Stephen McKenzie, Craig Hassed, Ian Gawler OAM",7,32.25,64,2022-12-27,OL28172010M
Unfuck your brain,"Dr. Faith G. Harper, Faith G. Harper",7,52.14,23,2022-02-02,OL27388612M
The wish,Angela Donovan,7,93.27,11,2024-01-08,ISBN-2903825
Life and Beyond,"Anthony Grzelka, Denise Gibb",7,87.55,69,2022-11-03,OL28445160M
A Whole New Mind,Daniel H. Pink,7,66.8,72,2023-06-02,OL8876277M
HELP! I'm Living with a (Man) Boy,Betty McLellan,7,62.09,5,2015-04-25,OL9715298M
Make this your lucky day,Ellen Whitehurst,7,86.53,42,2024-12-30,OL10686331M
Creative Seed,Lilian Wissink,7,63.93,82,2016-02-10,OL32879691M
You Are Inspired,Belinda Grace,7,92.35,16,2024-05-25,ISBN-4341290
When Happiness Is Not Enough,Chris Skellett,7,15.93,50,2017-10-25,ISBN-6612734
Take Control of Your Life,Gail Ratcliffe,7,52.07,62,2011-10-09,OL27850699M
Synchrodestiny,Deepak Chopra,7,73.74,93,2016-11-28,OL8952939M
Flatter your figure,Jan Larkey,7,18.58,27,2023-07-21,OL3383776M
Staying On The Path,Wayne W. Dyer,7,25.99,12,2013-10-16,OL1112378M
Outwitting the devil,Napoleon Hill,7,65.64,34,2024-11-13,ISBN-3375151
Making it happen,Peter Sheahan,7,76.55,67,2023-07-02,OL28440876M
Messages from Your Angels,Doreen Virtue,7,72.95,10,2013-01-16,OL8637945M
"Women are crazy, men are stupid",Howard J. Morris,7,98.45,78,2022-10-18,OL23058384M
Art of Insight,"Charles Kiefer, Malcolm Constable",7,20.81,65,2017-02-08,OL28496942M
Happiness Trap Pocketbook,"Russ Harris, Bev Aisbett",7,10.75,39,2023-12-15,OL34601811M
Mindful Learning,"Craig Hassed, Richard Chambers",7,66.09,22,2020-01-06,OL31034566M
Mum Who Roared,Christie Nicholas,7,51.41,34,2020-09-18,ISBN-6164046
Who Stole My Mojo?,Gary Bertwistle,7,45.16,85,2013-11-13,OL28439936M
Surviving Your Serengeti,Stefan Swanepoel,7,66.42,97,2019-08-04,OL24620616M
Personality Plus,Florence Littauer,7,88.35,68,2023-11-09,OL1711309M
A new guide to rational living,Albert Ellis,7,38.58,81,2015-05-12,OL5186009M
Relationships That Rock!,Sue Ostler,7,58.94,46,2021-07-10,OL3468215M
Life And How To Survive It,"Robin Skynner, John Cleese",7,26.98,99,2025-01-26,OL24360204M
The power of full engagement,Jim Loehr,7,8.7,3,2024-03-22,ISBN-1109033
In Stillness Conquer Fear,Pauline McKinnon,7,66.37,56,2014-09-20,OL7836142M
What Are You Waiting For?,Shelley Brunskill-Matson,7,43.62,64,2013-07-11,OL28555801M
Power of the Second Question,Chris Skellett,7,30.92,72,2018-11-19,OL28538848M
Invisible wounds,Kay Douglas,7,33.89,45,2022-07-20,OL751441M
Living With It,Bev Aisbett,7,87.93,9,2019-05-14,OL7413252M
Running over a Chinaman,"Julie Jones, Jennifer Mosher",7,5.78,42,2016-02-12,ISBN-7959526
The Secret Language of Destiny,"Gary Goldschneider, Joost Elffers",7,42.53,78,2019-12-11,ISBN-6321441
Cómo no escribir una novela,"Sandra Newman, Howard Mittlemark",7,41.06,92,2022-08-15,OL47645800M
Don't Panic,Sallee McLaren,7,23.8,84,2021-12-16,ISBN-4390613
Forgiveness and other acts of love,Stephanie Dowrick,7,88.52,94,2021-08-22,OL473921M
Organise Your Family,Nicole Avery,7,42.97,100,2020-10-13,OL32379655M
Four Green Houses and a Red Hotel,Pete Wargent,7,58.78,91,2011-11-05,OL29549483M
Does This Clutter Make My Butt Look Fat?,"Walsh, Peter",7,87.64,94,2014-04-16,OL39222894M
How to Balance Your Life,James O'Loghlin,7,31.44,36,2024-03-29,OL32897342M
Communication essentials for dummies,Elizabeth Kuhnke,7,97.71,100,2018-10-09,ISBN-9176314
No Excuses Guide to Uncovering Your Purpose,"Stacey Demarco, Jade-Sky",7,97.66,12,2014-09-04,ISBN-6423246
Map of the Soul,Tricia Brennan,7,86.98,64,2012-01-08,ISBN-7546807
Happiness Trap,Russ Harris,7,56.85,7,2016-04-16,OL28444556M
Hot Sex,Tracey Cox,7,9.49,36,2019-10-25,OL35616584M
We neurotics,Bernard Basset,7,36.15,41,2024-12-25,OL5881120M
The Great Life Redesign,Caroline Cameron,7,73.83,47,2019-07-15,ISBN-4579166
When I loved myself enough,"Kim McMillen, Alison McMillen",7,14.34,74,2020-07-19,OL9479907M
Gandhi CEO,Alan Axelrod,7,72.82,86,2015-01-26,ISBN-3412670
Buddhism for Busy People,David Michie,7,88.81,11,2019-10-13,OL8907667M
Life Was Never Meant To Be A Struggle,Stuart Wilde,7,61.39,22,2019-01-20,OL703692M
The power of nice,"Linda Kaplan Thaler, Robin Koval",7,76.85,36,2018-05-23,OL7441243M
The $1 million reason to change your mind,Pat Mesiti,7,66.0,88,2015-06-09,OL25262968M
Dog Wisdom,Tanya Graham,7,61.58,14,2017-01-02,OL8736934M
When you lose a loved one,Charles Livingstone Allen,7,38.8,40,2014-11-30,OL4420463M
Quest for Life,Petrea King,7,91.64,75,2016-05-05,OL8685328M
The Circles,Kerry Armstrong,7,14.84,49,2023-10-15,OL12285931M
Today I Will,Carmen Warrington,7,83.93,77,2022-06-22,OL7889110M
Breaking Free from Compulsive Eating,Geneen Roth,7,13.67,33,2025-04-16,ISBN-3674319
Happiness Code,Domonique Bertolucci,7,50.91,8,2020-07-28,OL32901714M
Leadership 101,John C. Maxwell,7,10.98,43,2018-06-01,OL8641376M
Hot Lemon and Honey,Catherine DeVrye,7,73.96,22,2015-04-21,OL9538158M
Choose to Be Happy,Wayne Froggatt,7,28.92,96,2024-12-04,OL917907M
People skills,Robert Bolton,7,94.39,63,2016-02-28,OL2713831M
Secrets & Mysteries of the World,Sylvia Browne,7,88.23,5,2022-03-11,OL8369412M
Would you like attitude with that?,Justin Herald,7,15.85,39,2016-04-22,OL3768151M
Buddhism for mothers,Sarah Napthali,7,13.33,24,2021-08-22,OL3768184M
Better Life,"Craig Hamilton, Will Swanton, Patrick McGorry, Barry Smith",7,94.92,11,2024-09-01,ISBN-6764354
Screw Inner Beauty,"Kate Harding, Marianne Kirby",7,91.18,60,2022-09-25,ISBN-5697822
Authentic happiness,Martin Elias Pete Seligman,7,48.72,53,2022-10-06,ISBN-9388278
Follow Your Heart,Josh Langley,7,59.19,96,2022-10-08,ISBN-1692584
New Age Nanas,"Doreen Rosenthal, Susan Moore",7,86.85,60,2012-05-01,ISBN-5607670
Frog and the Well,Josh Langley,7,10.37,67,2018-01-25,ISBN-6019133
Find Your Feet (the 8 Things I Wish I'D Known Before I Left High School),Rebecca Sparrow,7,51.63,77,2018-08-08,OL29666154M
Less is More,Domonique Bertolucci,7,57.92,80,2019-05-15,OL27801831M
Kokuritsu Kokkai Toshokan shozō Meijiki kankō tosho maikuro-ban shūsei,Kokuritsu Kokkai Toshokan (Japan),8,87.73,2,2016-11-04,ISBN-9196290
Como agua para chocolate,"Laura Esquivel, Esquivel, Laura. Christensen, Carol, Translator.Christensen, Thomas, Translator.",8,81.51,38,2024-09-05,OL24974997M
The Virginia house-wife,"Mary Randolph, Karen Hess, Debra Freeman",8,7.19,89,2023-01-06,OL1422523M
On Cooking,"Sarah R. Labensky, Alan M. Hause, Priscilla A. Martel",8,74.93,21,2017-02-12,OL9299758M
Joy of Cooking,"Irma S. Rombauer, Marion Rombauer Becker, Ethan Becker, John Becker, Megan Scott",8,13.1,39,2013-10-31,OL7948689M
国立 国会 図書館 所蔵 明治期 刋行 図書 マイクロ版 集成,Kokuritsu Kokkai Toshokan (Japan),8,58.01,32,2021-09-15,ISBN-6386213
Physiologie du goût,Jean Anthelme Brillat-Savarin,8,14.39,51,2014-08-28,OL2605253M
The Book of Household Management,Mrs. Beeton,8,73.96,56,2021-04-05,OL21295888M
Food and feeding,"Sir Henry Thompson, Henry Thompson, W. A. Henry, Frank Barron Morrison",8,48.4,38,2015-07-01,OL23663165M
"The art of cookery, made plain and easy",Hannah Glasse,8,46.08,69,2019-07-17,OL5240094M
Miss Beecher's domestic receipt book,Catharine Esther Beecher,8,93.18,34,2019-09-20,OL23333697M
Fast Food Nation,Eric Schlosser,8,31.77,10,2013-11-17,OL7469003M
The South Beach diet,"Arthur Agatston, Arthur Agatston M.D.",8,31.21,37,2021-04-01,OL8758103M
Boston Cooking-School cook book,Fannie Merritt Farmer,8,74.97,11,2014-12-09,OL6774762M
De re coquinaria,"Apicius, Robert Maier",8,77.82,79,2018-07-17,OL4570237M
Fit for Life,"Marilyn Diamond, Harvey Diamond, Harvy Diamond",8,14.49,46,2019-05-01,OL16160941M
"Pancakes, pancakes!",Eric Carle,8,13.39,32,2018-10-22,OL7729118M
Growing Vegetable Soup,Lois Ehlert,8,16.1,82,2018-01-04,OL20766030M
Bt-Diet for Sml Planet,"Frances Moore Lappé, FRANCES MOORE LAPPE, Frances Moore Lappe",8,74.71,8,2019-11-15,OL10682158M
On baking,"Sarah R. Labensky, Klaus G. Tenbergen, Eddy Van Damme, Priscilla A. Martel, Alan M. Hause",8,18.24,46,2023-05-26,OL7342341M
Omnivore's Dilemma. A Natural History of Four Meals,"Michael Pollan, Richie Chevat, Raul Nagore",8,15.45,42,2018-12-21,OL3431041M
Guide to good food,"Velda L. Largen, Deborah L. Bence",8,45.78,37,2018-04-07,OL4409049M
A heartbreaking work of staggering genius,"Dave Eggers, Dion Graham",8,74.44,68,2018-05-09,OL6787279M
Mikha'el sheli,Amos Oz,8,56.47,1,2013-11-10,ISBN-9126886
Granny Torrelli Makes Soup,Sharon Creech,8,88.53,43,2020-06-17,OL15560062M
Feed me! I'm yours,Vicki Lansky,8,56.47,59,2018-04-29,OL24228949M
Grand dictionnaire de cuisine,Alexandre Dumas,8,85.15,21,2018-02-03,OL47038821M
Advanced nutrition,"Carolyn D. Berdanier, Janos Zempleni",8,69.75,94,2023-08-02,OL8261379M
Larousse gastronomique,"Montagné, Prosper, Prosper Montagu, Larousse Gastronomique, Larousse, Prosper Montagne & Dr.Gottschalk, Varios",8,44.32,97,2015-10-31,OL2526021M
Le répertoire de la cuisine,Louis Saulnier,8,98.06,64,2013-01-27,OL17724464M
Supercook,Marye Cameron-Smith,8,51.04,63,2015-12-14,OL19103627M
Let's cook it right.,Adelle Davis,8,75.36,46,2017-09-11,OL24212334M
Fifty-Two Sunday Dinners,Elizabeth Hiller,8,28.23,30,2014-11-25,ISBN-2018243
The Alice B. Toklas cook book,"Alice B. Toklas, Alice Babette Toklas",8,53.16,74,2012-11-10,OL8727771M
Weight Watchers Mini Series,Weight Watchers,8,93.93,87,2020-10-16,ISBN-6247269
Comfort Me with Apples,Ruth Reichl,8,51.47,34,2018-05-05,OL8097327M
The complete confectioner,Frederick Nutt,8,58.02,65,2017-11-14,OL6473940M
Cooking Basics for Dummies,"Bryan Miller, Marie Rama",8,11.51,38,2024-01-31,OL3316103M
Bloomsbury Kitchen Library,Bloomsbury Kitchen,8,99.24,30,2017-05-13,OL11995134M
The science of food,"P. M. Gaman, K B Sherrington",8,48.59,64,2022-09-22,ISBN-3360441
Garlic and Sapphires,Ruth Reichl,8,31.39,23,2019-12-31,OL7425790M
A new system of domestic cookery,Maria Eliza Ketelby Rundell,8,35.34,71,2020-07-11,OL6996342M
Favorite Dishes,Carrie V. Shuman,8,14.46,70,2018-10-02,OL9420175M
The popcorn book,Tomie dePaola,8,92.96,20,2016-12-15,OL1409658M
Tender at the bone,Ruth Reichl,8,98.74,5,2017-01-21,OL384019M
Grand livre de cuisine,"Alain Ducasse, Frédéric Robert, Frederic Robert, Frédéric Robert, Emma Gallegos, Esperanza Martínez Pérez, Esperanza Martínez",8,40.55,42,2018-02-02,OL3437002M
The I Never Cooked Before Cookbook,Jo Coudert,8,69.8,69,2020-03-01,OL46237452M
Alice of old Vincennes,Maurice Thompson,8,64.59,18,2020-01-23,OL7064124M
Step-By-Step Practical Recipes,"Gina Steer, Ann Nicol",8,21.28,17,2017-07-16,ISBN-7845115
Sweets and supper dishes à la mode,Harriet Anne de Salis,8,12.26,91,2014-02-09,OL23344387M
Foods,Margaret McWilliams,8,98.95,74,2019-06-19,OL6778664M
"Modern cookery, in all its branches",Eliza Acton,8,10.74,96,2019-02-07,OL33072908M
Food Process Engineering,F. Xavier Malcata,8,74.01,15,2013-08-12,OL28043705M
How to Eat,Nigella Lawson,8,45.6,72,2015-07-06,OL32000883M
Feast for 10,Cathryn Falwell,8,55.25,54,2018-11-19,OL10994047M
The Professional Chef's Techniques of Healthy Cooking,"Culinary Institute of America., The Culinary Institute of America (CIA), Culinary Institute of America, The Culinary Institute of America",8,61.32,52,2019-04-27,OL7615327M
De honesta voluptate,Platina,8,32.41,88,2014-04-03,OL23384946M
Icarus,Russell Andrews,8,23.39,29,2020-05-27,OL6788632M
Chef Express,Trident Press International,8,33.99,61,2021-10-23,OL8788522M
Trailer Food Diaries Cookbook : ,Tiffany Harelik,8,32.23,17,2014-12-30,OL27570332M
Directions for cookery in its various branches,Eliza Leslie,8,36.89,27,2011-10-29,ISBN-8756911
The art of living in Australia,Philip E. Muskett,8,71.26,63,2013-03-30,OL7108301M
Tempting dishes for small incomes,Harriet Anne de Salis,8,24.36,36,2016-07-06,OL20551308M
The Supernatural Kids Cookbook,Nancy Mehagian,8,39.84,88,2021-02-20,ISBN-1344161
The Cooking of South-West France,Paula Wolfert,8,86.63,44,2023-08-11,OL8764782M
"The frugal housewife, or, Complete woman cook",Susannah Carter,8,99.11,39,2018-06-25,ISBN-8381509
Tasting the past,Jacqui Wood,8,61.39,76,2017-03-05,OL23998414M
The Best of Gourmet,Gourmet Magazine Editors,8,21.4,77,2024-08-22,OL24703901M
The Magic School Bus Gets Baked in a Cake,Linda Ward Beech,8,85.51,32,2012-09-01,OL7885237M
Practical cookery,"Victor Ceserani, Ronald Kinton",8,72.95,16,2022-04-27,OL1046032M
Frugal housewife,l. maria child,8,53.05,62,2018-11-07,OL23272524M
Hallelujah! The Welcome Table,Maya Angelou,8,56.33,28,2013-04-26,OL8021126M
Dimensions of food,"Vickie A. Vaclavik, V. Vaclavik",8,47.74,16,2012-05-23,ISBN-7683577
Breakfasts and teas,Paul Pierce,8,6.24,56,2021-11-29,OL26278686M
Joe Tilden's recipes for epicures,Joe Tilden,8,59.43,96,2018-06-17,OL6986153M
Girlosophy,Anthea Paul,8,60.4,46,2013-05-22,ISBN-3067118
How to Cook Everything,Mark Bittman,8,56.74,6,2024-11-06,OL7621622M
Dying for Chocolate (Goldy Bear Culinary Mystery #2),Diane Mott Davidson,8,80.65,21,2015-10-26,OL52187M
The theory of catering,"Ronald Kinton, Victor Ceserani, D. Foskett",8,21.16,2,2017-01-01,OL9340453M
A Cook's Tour,Anthony Bourdain,8,81.28,7,2021-08-13,OL7274528M
Savouries a   la mode,Harriet Anne de Salis,8,22.34,100,2014-09-10,OL26281241M
Vegetables,Nancy Dickmann,8,91.07,72,2020-06-26,OL25101695M
The I hate to cook book,Peg Bracken,8,73.67,9,2012-08-03,OL22983871M
Old Cookery Books and Ancient Cuisine,William Carew Hazlitt,8,32.92,14,2014-10-16,OL5621356M
"The cook's own book, and housekeeper's register","Lee, N. K. M. Mrs",8,51.77,98,2022-01-20,ISBN-6444062
The Boston cooking-school cook book,Fannie Merritt Farmer,8,31.22,44,2024-05-21,ISBN-3073177
Miss Beecher's housekeeper and healthkeeper,Catharine Esther Beecher,8,19.49,6,2012-08-20,OL7031635M
Fifty-two Sunday dinners,Elizabeth O. Hiller,8,9.73,59,2023-07-15,OL6559265M
Cookbook,Betty Crocker,8,38.72,91,2018-06-13,OL2227848M
"The improved housewife, or, Book of receipts","Webster, A. L. Mrs",8,68.83,52,2019-03-29,OL27269583M
Opera,Bartolomeo Scappi,8,78.44,32,2012-09-10,OL46167305M
Bone in the throat,Anthony Bourdain,8,43.0,2,2018-12-18,OL8786254M
Vegetal Como Eres,"Saxton Freymann, Joost Elffers",8,84.67,60,2014-08-17,OL9776697M
Science Experiments You Can Eat,Vicki Cobb,8,66.91,29,2021-10-11,OL5759081M
Food for Today,Helen Kowtaluk,8,27.08,28,2011-11-18,OL2264888M
"Oysters à la mode, or, The oyster and over 100 ways of cooking it",Harriet Anne de Salis,8,39.78,11,2022-08-07,OL2609511M
The cure for death by lightning,"Gail Anderson-Dargatz, Gail Anderson-Dargatz",8,39.24,28,2012-07-07,OL3942606M
Maccabee meals,"Judyth Saypol Groner, Madeline Wikler",8,61.15,68,2013-09-22,OL25004745M
100 perfect pairings,Jill Silverman Hough,8,81.27,92,2022-07-14,ISBN-6938263
The lady's country companion,Jane C. Webb Loudon,8,33.88,2,2013-03-19,OL23442220M
The Art of War,孙武,9,78.19,80,2018-03-31,ISBN-9235879
The Prince,Niccolò Machiavelli,9,70.79,35,2015-02-16,ISBN-2575633
Candide,"Voltaire, William Fleming, Philip Littell, Jack Davenport",9,43.09,38,2014-05-18,ISBN-9328410
πολιτεία,Πλάτων,9,76.16,18,2017-03-06,ISBN-5728179
Leaves of Grass,Walt Whitman,9,39.19,17,2015-12-03,ISBN-5876871
As a man thinketh,James Allen,9,45.95,3,2023-01-19,ISBN-4902003
Alice's Adventures in Wonderland / Through the Looking Glass,Lewis Carroll,9,34.18,50,2022-11-21,ISBN-2150072
De rerum natura,Titus Lucretius Carus,9,16.41,36,2016-04-06,ISBN-6434218
La Poetica,Aristotle,9,77.66,79,2019-05-09,ISBN-4520292
Walden,Henry David Thoreau,9,13.54,36,2013-09-21,OL32611725M
On Liberty,John Stuart Mill,9,35.78,67,2024-09-25,OL8837549M
Confessions,Augustine of Hippo,9,53.33,95,2020-06-23,ISBN-6522526
Nicomachean Ethics,"Aristotle, J. A. Smith, Joe Sachs, Robert C. Bartlett, Susan D. Collins, L H. G. ed Greenwood, Hye-Kyung Kim",9,27.03,4,2014-01-31,ISBN-8702745
Pensées,"Blaise Pascal, Philippe Sellier, William Finlayson Trotter, T. S. Eliot, Blaise Perier, Margival Henri, H. F. Stewart",9,74.55,6,2023-04-13,OL24216437M
Le petit prince,Antoine de Saint-Exupéry,9,35.75,90,2021-05-31,OL7366018M
Meditations,Marcus Aurelius,9,45.2,47,2019-04-18,OL9863622M
The Prophet,Kahlil Gibran,9,71.3,24,2022-01-24,OL1122056M
Συμπόσιον,Πλάτων,9,49.9,42,2021-04-04,OL49220392M
Saint Francis of Assisi,Gilbert Keith Chesterton,9,6.22,45,2017-08-22,ISBN-3796653
An essay on man,Alexander Pope,9,43.04,14,2017-07-29,OL16988435M
A Room of One's Own,Virginia Woolf,9,14.3,64,2016-08-08,OL23264959M
Essais,"Montaigne, Michel de",9,91.94,7,2023-11-14,OL831540M
Φαίδων,Πλάτων,9,35.23,33,2019-06-16,OL49221783M
Summa Theologica,"Thomas Aquinas, Kennedy, Daniel Joseph, 1862-1930",9,94.41,9,2024-03-27,OL25888201M
Bushidō,"Inazo Nitobe, Stefano Daniel, Alberto Ragagnin, Gonzalo JIMENEZ DE LA ESPADA, Peter R. Prifti, Daniel Herwitz, José Javier Fuente del Pilar, Ricard Vela Pàmies, Z. Ferri",9,69.33,31,2022-08-03,OL13123317M
Poetics,"Aristotle, Leon Golden, O. B. Hardison",9,19.33,96,2025-03-24,OL24281336M
Les confessions,Jean-Jacques Rousseau,9,36.83,93,2019-01-30,OL24192710M
Picasso,"Pablo Picasso, Jean-Louis Andral, Pierre Daix",9,6.01,29,2015-07-18,OL9101853M
The Theory of the Leisure Class,Thorstein Veblen,9,76.14,10,2013-07-18,ISBN-9428025
Ἀπολογία Σωκράτους,Πλάτων,9,78.92,45,2015-05-16,OL49235416M
Dialogues Concerning Natural Religion,David Hume,9,93.23,6,2019-06-19,OL7145748M
Γοργίας,Πλάτων,9,83.76,50,2020-09-05,OL7028428M
Πολιτικά (Politiká),Aristotle,9,48.0,33,2021-05-06,OL9740066M
Gitanjali (song offerings),"Rabindranath Tagore, Marie Luise Gothein, William Butler Yeats",9,35.09,54,2011-10-17,OL5092558M
Du contrat social,Jean-Jacques Rousseau,9,78.37,48,2014-11-21,OL24356240M
Moralia,Plutarch,9,97.55,96,2019-09-07,OL14034672M
Jenseits von Gut und Böse,Friedrich Nietzsche,9,97.93,6,2015-09-12,OL24353319M
Niebla,Miguel de Unamuno,9,27.99,49,2020-02-05,OL50901M
The Sayings of Lao Tzü,Laozi,9,79.12,2,2016-07-09,OL14041043M
Der Zauberberg,Thomas Mann,9,26.51,12,2013-05-03,OL8998575M
Essays,Francis Bacon,9,54.63,29,2012-08-25,OL20514400M
"Familiar quotations; a collection of passages, phrases, and proverbs traced to their sources in ancient and modern literature",John Bartlett,9,27.09,39,2014-12-19,OL22130132M
Prince,Niccolò Machiavelli,9,98.46,96,2017-07-02,OL41408426M
Emile or Education,"Jean-Jacques Rousseau, Barbara Foxley, William Harold Wayne",9,55.83,11,2020-09-02,OL137096M
Principles of internal medicine,"Tinsley Randolph Harrison, Kurt J. Isselbacher, Eugene Braunwald, T. R. Harrison, Robert G. Petersdorf, Joseph B. Martin, Annie Ernaux, Marc Marie, Alison L. Strayer, Anthony S. Fauci, Jean D. Wilson MD, Dennis L. Kasper, Stephen L. Hauser, Dan L. Longo, J. Larry Jameson, Joseph Loscalzo, Richard M. Stone, Stephen Hauser, Jean D. Wilson, Richard K. Root, J. Jameson, Cynthia Brown, Charles M. Wiener, Robert Groysman, Groysman",9,70.67,77,2013-11-25,OL9249947M
Πρωταγόρας,Πλάτων,9,68.47,37,2016-06-14,OL49221778M
Discours de la méthode,René Descartes,9,35.02,63,2021-06-03,OL24191905M
Τίμαιος,Πλάτων,9,72.55,85,2019-06-24,OL20841006M
Θεαίτητος,Πλάτων,9,89.89,71,2017-08-04,OL49221776M
Kokuritsu Kokkai Toshokan shozō Meijiki kankō tosho maikuro-ban shūsei,Kokuritsu Kokkai Toshokan (Japan),9,38.72,98,2018-07-11,ISBN-8237329
Philosophical essays concerning human understanding,David Hume,9,24.28,90,2019-01-27,OL3691900M
Kritik der reinen Vernunft,Immanuel Kant,9,54.19,21,2018-04-28,OL8882366M
The book of tea,Okakura Kakuzo,9,24.06,30,2012-08-03,OL13996955M
Μένων,Πλάτων,9,51.37,2,2024-02-07,OL49221779M
The Coming Race,"Edward Bulwer Lytton, Baron Lytton",9,32.59,46,2023-06-27,OL11652738M
Dei delitte e delle pene,Cesare Beccaria,9,48.17,4,2012-10-18,OL966224M
An autobiography,"Mohandas Karamchand Gandhi, Mahadev Desai, Tridip Suhrud, Bill Wallace, D. Fog, Emi K, Beatrice Tanaka, Muriel Muller, Shekhar Verma",9,96.57,89,2015-08-15,OL7359181M
Culture and anarchy; an essay in political and social criticism,"Matthew Arnold, Matthew Arnold, M Arnold, Matthew (Edited with an Introduction By J. Dover Wilson) Arnold, George Saintsbury, George William Erskine Russell, Marciano Guerrero",9,52.61,49,2014-11-10,OL22343257M
Der Untergang des Abendlandes,"Oswald Spengler, Charles Francis Atkinson, Dr. David G. Payne, Charles F. Atkinson, Manuel García Morente",9,55.24,83,2020-03-01,OL2348554M
Darkwater; voices from within the veil,W. E. B. Du Bois,9,60.11,71,2021-10-30,OL7074533M
Principles of Political Economy,John Stuart Mill,9,6.21,66,2015-11-27,OL8850991M
Essays,Ralph Waldo Emerson,9,11.74,59,2018-09-21,OL7023526M
La Chute,Albert Camus,9,43.78,21,2016-09-10,OL5942384M
De officiis,Cicero,9,88.11,67,2018-04-02,OL24348067M
Sozialgeschichte der Kunst und Literatur,"Arnold Hauser, S. Godman, Harris, Jonathan, Jonathan Harris",9,36.45,63,2021-06-03,ISBN-4974339
Εὐθύφρων / Κρίτων / Φαίδων / Ἀπολογία Σωκράτους,Πλάτων,9,76.68,86,2011-11-16,OL49205886M
L'Évolution créatrice,"Henri Bergson, CHAILLAND, Éditions CdBF",9,50.05,97,2022-02-17,OL6646105M
The Kybalion,Three Initiates,9,57.96,89,2025-03-17,ISBN-7918720
Cyropaedia,Xenophon,9,21.83,17,2011-09-26,OL22897006M
De l'esprit des lois,Charles-Louis de Secondat baron de La Brède et de Montesquieu,9,61.31,81,2022-11-02,OL23356548M
De consolatione philosophiae,Boethius,9,43.98,81,2013-01-03,OL16947272M
A Study of History,"Arnold J. Toynbee, D.C Somervell",9,83.48,50,2022-02-13,OL2383505M
The guide of the perplexed of Maimonides,Moses Maimonides,9,96.05,5,2018-05-27,OL9149590M
Νόμοι,Πλάτων,9,59.92,62,2020-08-12,OL7057755M
A treatise of human nature,David Hume,9,38.07,56,2022-04-18,OL4559171M
Sartor resartus,Thomas Carlyle,9,72.29,98,2015-07-22,OL14041009M
Areopagitica,"John Milton, John Milton",9,25.95,73,2012-01-06,OL37800424M
Two Treatises on Government,"John Locke, Ian Shapiro, Lee Ward, Trains of Trains of Thought Publishing",9,75.4,50,2011-12-24,OL6478450M
Del sentimiento trágico de la vida en los hombres y en los pueblos,Miguel de Unamuno,9,18.38,9,2020-02-14,OL7101288M
Παρμενίδης,Πλάτων,9,77.2,59,2016-11-01,OL16930430M
The Story of Philosophy,Will Durant,9,51.75,23,2017-10-01,OL19013040M
Sein und Zeit,"Martin Heidegger, John Macquarrie, Edward S. Robinson, Friedrich-Wilhelm von Herrmann",9,50.57,64,2016-06-22,OL9396815M
Common Sense,Thomas Paine,9,69.18,61,2018-01-02,OL7204177M
Poems,Matthew Arnold,9,23.19,74,2013-08-10,OL25929079M
Goethe's Werke,Johann Wolfgang von Goethe,9,69.16,42,2025-02-16,OL23360773M
Dieu et l’État,Mikhail Aleksandrovich Bakunin,9,41.09,92,2019-02-23,OL21248054M
Tuesdays with Morrie,Mitch Albom,9,69.68,75,2022-02-13,ISBN-8450479
Lun yu,Confucius,9,61.78,41,2023-11-21,OL60868M
Three guineas,"Virginia Woolf, Mark Hussey, Marta Pessarrodona Artigues, Andrés Bosch",9,23.57,23,2019-08-27,OL6791170M
History of European morals,William Edward Hartpole Lecky,9,22.43,92,2017-09-06,OL8423401M
A Modern Utopia,H. G. Wells,9,16.53,33,2016-03-11,ISBN-6061959
The Art of Loving,Erich Fromm,9,48.78,67,2013-11-28,ISBN-8572489
Biographia literaria,Samuel Taylor Coleridge,9,73.08,86,2019-08-23,OL8490391M
The Stones of Venice,John Ruskin,9,23.81,85,2011-10-17,OL24197185M
Leviathan,Thomas Hobbes,9,45.89,8,2016-06-13,OL24212395M
Tractatus logico-philosophicus,Ludwig Wittgenstein,9,79.97,97,2012-08-31,OL5256292M
La nausée,Jean-Paul Sartre,9,98.75,50,2015-11-13,OL4787730M
Also sprach Zarathustra,Friedrich Nietzsche,9,39.06,10,2020-11-02,OL9051569M
Nathan der Weise,Gotthold Ephraim Lessing,9,17.84,96,2018-05-26,OL342966M
Utilitarianism,John Stuart Mill,9,12.63,38,2021-07-11,OL8130820M
Adventures of Huckleberry Finn,Mark Twain,10,39.38,54,2022-11-03,ISBN-6196157
Frankenstein or The Modern Prometheus,Mary Shelley,10,31.51,64,2020-07-28,ISBN-9717113
A Connecticut Yankee in King Arthur's Court,Mark Twain,10,61.92,51,2013-06-13,ISBN-5426851
Three Men in a Boat (to say nothing of the dog),Jerome Klapka Jerome,10,93.31,37,2024-09-24,ISBN-2177030
The Prisoner of Zenda,"Anthony Hope, Gary Hoppenstand, Diane Mowat, Alan Marks, Francesc Ràfols, Andrew Pugsley, Summer M. Hogan, Summer Hogan, Smidgen Press, Charles Dana Gibson, Daniel Lanza Barba, Javier Fornell Fernandez, Stephen Colbourn, Katy Jackson, James Wilby, Robinson, M.",10,15.29,32,2013-06-16,OL7357137M
Voyage Out,Virginia Woolf,10,24.72,29,2021-03-23,ISBN-6532399
The Alhambra,Washington Irving,10,33.13,22,2019-09-06,ISBN-7746521
Heart of Darkness,Joseph Conrad,10,79.92,14,2013-07-02,OL35601698M
Le Tour du Monde en Quatre-Vingts Jours,Jules Verne,10,80.56,13,2015-10-16,OL7050533M
Roughing It,Mark Twain,10,45.92,79,2014-09-19,ISBN-3826174
Os Lusíadas,"Luís de Camões, Souza Botelho",10,95.98,9,2018-12-02,OL13523282M
Meditations,Marcus Aurelius,10,52.78,43,2022-09-06,ISBN-4569945
"The sketch-book of Geoffrey Crayon, Esq",Washington Irving,10,74.5,28,2015-04-04,OL6304982M
Lord Jim,Joseph Conrad,10,91.04,2,2016-07-18,OL14020943M
Tom Sawyer Abroad,Mark Twain,10,5.78,60,2011-11-13,OL6970935M
Astoria,Washington Irving,10,54.7,29,2011-10-04,OL2090015M
Two years before the mast,Richard Henry Dana,10,63.58,38,2017-10-23,OL6986131M
Sailing alone around the world,Joshua Slocum,10,42.01,73,2013-01-02,OL5851937M
Martin Chuzzlewit,"Charles Dickens, Tim F. LaHaye, Alfred Essarts",10,8.17,61,2016-11-05,OL44876296M
Daisy Miller,Henry James,10,91.78,95,2016-04-03,OL22327453M
Picasso,"Pablo Picasso, Jean-Louis Andral, Pierre Daix",10,33.69,13,2015-10-13,ISBN-9327723
Life of Samuel Johnson,James Boswell,10,84.75,54,2017-10-15,OL14020324M
Murder on the Orient Express,"Agatha Christie, Andrew Sachs, Ken Ludwig, Not Known, Graham Johnson, Bethany Bolton, Jesse Felton, Chalut, Hal Boffin",10,57.34,73,2016-09-28,OL32440766M
The museum experience revisited,"John H. Falk, Lynn D. Dierking, Marsha Semmel",10,96.05,87,2014-12-06,OL25376996M
All's Well That Ends Well,William Shakespeare,10,41.09,90,2017-02-28,OL25666851M
Die Leiden des jungen Werthers,Johann Wolfgang von Goethe,10,26.47,34,2017-07-23,OL24367771M
The Return of the Native,Thomas Hardy,10,38.3,94,2011-10-04,OL22035808M
"Martin Rattler, or, A boy's adventures in the forests of Brazil",Robert Michael Ballantyne,10,5.06,39,2024-06-09,OL9671260M
A Tramp Abroad,Mark Twain,10,16.67,50,2015-08-28,OL6928796M
The Essays of Elia,Charles Lamb,10,25.07,28,2017-08-04,ISBN-3248971
American notes,"Charles Dickens, Diana C. Archibald",10,38.97,65,2018-09-07,OL23337185M
A Room with a View,Edward Morgan Forster,10,45.92,97,2017-03-07,OL9790699M
The Innocents Abroad,Mark Twain,10,36.79,81,2014-01-17,OL6344804M
Death on the Nile,Agatha Christie,10,42.15,6,2016-03-05,OL47461471M
Mademoiselle Fifi,Guy de Maupassant,10,11.44,57,2025-03-25,OL24142001M
The Hudson Bay Company,"Robert Michael Ballantyne, Thomas Nelson and Sons",10,48.08,25,2019-05-19,OL8481630M
Life on the Mississippi,Mark Twain,10,16.93,49,2024-04-21,OL17860982M
"The adventures of Captain Bonneville, U.S.A.","Washington Irving, Benjamin Louis Eulalie De Bonneville",10,96.57,23,2013-10-15,OL22085688M
The gorilla hunters,Robert Michael Ballantyne,10,22.5,86,2018-06-03,OL11678358M
By the King,King James VI and I,10,9.16,20,2021-10-17,ISBN-8856434
A Survey of London,"John Stow, C. L. Kingsford, Kingsford, Charles Lethbridge, John Mottley, John Strype",10,18.15,42,2021-03-10,OL23370089M
Lost Horizon,James Hilton,10,9.98,6,2021-08-27,OL573308M
The American,"Henry James, Peter Collister",10,32.05,64,2021-09-27,OL7576824M
The Rivals,Richard Brinsley Sheridan,10,82.88,81,2018-12-17,OL8990185M
Palmetto-leaves,"Harriet Beecher Stowe, Harriet Stowe",10,90.37,37,2015-04-20,OL7057591M
Their Wedding Journey,William Dean Howells,10,49.15,77,2023-07-14,OL26207012M
The Razor's Edge,William Somerset Maugham,10,39.29,26,2022-02-16,ISBN-3681112
"The journals of André Gide, 1889-1949","André Gide, Laura Freixas, Ignacio Vidal-Folch Balanzo, Ignacio Vidal-Folch Balanzo",10,25.7,47,2023-06-13,OL6215192M
Gascoyne,Robert Michael Ballantyne,10,50.25,43,2019-01-28,OL6655160M
South: the story of Shackleton's 1914-1917 expedition,Sir Ernest Henry Shackleton,10,12.74,17,2011-11-16,OL24278269M
Columbus,Washington Irving,10,82.19,60,2015-12-03,OL7027148M
The Travels of Marco Polo,Marco Polo,10,78.27,14,2017-01-15,OL6247082M
Ker-bloom!,artnoose,10,80.56,87,2016-02-23,ISBN-2815916
Aus meinem Leben,Johann Wolfgang von Goethe,10,93.31,42,2019-10-31,OL17981827M
Queer places,Elisa Rolle,10,82.66,60,2015-07-21,OL32729563M
"The History, Civil and Commercial, of the British Colonies in the West Indies ...: In Two Volumes","Bryan Edwards, Arthur Broughton, William Young, Young, William, John Adams, Daniel M'Kinnen",10,25.77,50,2022-01-16,OL10523335M
A Caribbean Mystery,"Agatha Christie, Christie",10,69.12,6,2012-04-02,OL51012139M
Backwoods of Canada,"Catherine Parr Traill, Michael A. Peterman",10,51.77,8,2022-08-29,OL11940264M
Goethe's Werke,Johann Wolfgang von Goethe,10,15.66,77,2020-07-29,ISBN-2072661
A dictionary of the English language,Samuel Johnson,10,19.44,66,2020-03-18,OL14003960M
Arabia Deserta,"Charles Montagu Doughty, T. E. Lawrence, Edward Garnett, Barnaby Rogerson, (LOWELL, Robert) DOUGHTY, C.M.",10,86.72,87,2021-09-08,OL13543615M
California and Oregon trail,Francis Parkman,10,37.5,14,2020-05-22,OL23366594M
From sea to sea; letters of travel,Rudyard Kipling,10,85.83,69,2012-06-16,ISBN-5124621
Homage to Catalonia,George Orwell,10,13.46,41,2023-06-20,OL25447113M
Pictures from Italy,Charles Dickens,10,63.78,12,2016-05-20,OL24639698M
Away in the wilderness,"Robert Michael Ballantyne, Karl Wurf, Madiso Clark",10,72.77,98,2024-07-27,OL8470197M
"The world of ice, or, Adventures in the polar regions",Robert Michael Ballantyne,10,27.34,33,2020-01-05,OL7119664M
A week on the Concord and Merrimack Rivers,Henry David Thoreau,10,53.13,97,2023-05-04,OL23358959M
Omoo,Herman Melville,10,65.7,37,2022-04-05,OL23323098M
Andy Warhol,Andy Warhol,10,56.86,4,2024-09-08,OL3436667M
Venetian life,William Dean Howells,10,23.69,29,2023-04-20,OL56923640M
Journal of researches into the geology and natural history of the various countries visited by H.M.S. Beagle,Charles Darwin,10,83.22,2,2017-05-24,OL7427451M
Tarzan of the Apes Tale #1 the Man-Child,"Edgar Rice Burroughs, Shannon Eric Denton, Amy Sterling Casil, Fred J Arting",10,89.0,78,2011-10-12,OL12556396M
Works (American Notes / Pictures from Italy),Charles Dickens,10,41.84,52,2014-08-14,OL40541833M
Lettres philosophiques,Voltaire,10,18.04,45,2019-07-31,OL19355623M
Historia Alexandri Magni,Quintus Curtius Rufus,10,68.7,75,2015-10-19,OL13811986M
Zen and the Art of Motorcycle Maintenance,Robert M. Pirsig,10,38.67,67,2022-10-12,ISBN-4432662
Italienische Reise,Johann Wolfgang von Goethe,10,73.57,78,2023-11-30,OL23418178M
"Souvenirs d'un voyage dans la Tartarie et le Thibet, pendant les années 1844, 1845 et 1846","Evariste Régis Huc, Percy Sinnett, Paul Pelliot, Joseph Gabet, William Hazlitt",10,40.89,42,2022-02-25,OL32362712M
"Views a-foot: or, Europe seen with a knapsack and staff",Bayard Taylor,10,80.53,13,2013-03-09,OL7029163M
American notes,Rudyard Kipling,10,88.87,51,2012-03-30,OL8407989M
"Facundo, or, civilization and barbarism","Domingo Faustino Sarmiento, Domingo Faustino Sarmiento, Domingo F. Sarmiento, 12",10,21.84,91,2014-10-22,OL344738M
Our Old Home,Nathaniel Hawthorne,10,25.17,16,2018-06-24,OL7207084M
"Annals of the parish, or",John Galt,10,88.87,12,2011-11-22,OL3697458M
Le Corbusier,Le Corbusier,10,56.96,91,2013-02-16,OL9723041M
Italian journeys,William Dean Howells,10,55.75,23,2022-06-08,OL6937727M
Boy,Roald Dahl,10,18.81,16,2023-02-14,ISBN-4368333
A Confederacy of Dunces,John Kennedy Toole,10,19.83,38,2020-10-02,OL9827763M
A Journey to the Western Islands of Scotland,Samuel Johnson,10,71.91,26,2012-04-29,OL23414737M
"Mémoires d'une portraitiste, 1755-1842","Louise-Elisabeth Vigée-Lebrun, Sandrine Fillipetti, Morris F. Tyler",10,23.11,15,2025-04-04,OL6546266M
Wallpaper City Guide,Editors of Wallpaper Magazine,10,42.82,95,2019-05-31,OL7831233M
Mémoires d'outre-tombe,"François-René de Chateaubriand, Jean-Paul Clément",10,64.74,15,2016-07-28,OL416731M
Novels (Adventures of Huckleberry Finn / Adventures of Tom Sawyer),Mark Twain,10,61.33,5,2013-11-29,OL7576815M
Epistolae Ho-Elianae,James Howell,10,53.16,49,2021-05-29,OL6639283M
Tales of,Henry James,10,6.23,80,2017-09-22,OL3561212M
The magic barrel,Bernard Malamud,10,25.68,13,2023-07-21,OL23784310M
The Road,"Cormac McCarthy, Tom Stechschulte",10,48.08,20,2023-12-30,OL9666775M
The Worst Journey in the World,Apsley Cherry-Garrard,10,40.49,42,2016-03-03,OL22279435M
Cosmographia et geographia de Affrica,"Leo Africanus, Robert Brown, Leo",10,76.98,77,2022-07-23,OL5890515M
"Letters and notes on the manners, customs, and condition of the North American Indians",George Catlin,10,94.58,39,2017-06-05,OL17805002M
